approved,sku,product_name,expected_code,expected_brand,expected_color,expected_kind,expected_package,source,rank,status,score,query,title,image_url,page_url,local_path,reasons,ocr_text,visual_tags
,TON-HP-W9060X-PRT,Toner HP W9060X-EVP Preto,W9060X,HP,preto,toner,,duckduckgo,2,rejeitada,-18,Toner HP W9060X-EVP Preto,Toner Hp Cf230a Cor Preto | MercadoLivre,https://http2.mlstatic.com/D_NQ_NP_932540-MLU76349777213_052024-O.webp,https://www.mercadolivre.com.br/toner-hp-cf230a-cor-preto/p/MLB36887691,C:\Users\Sama Contabilidade\Desktop\cópia de produtos\Produtos\TON-HP-W9060X-PRT\_review\02-http2.mlstatic.com-e80c3058cb.webp,codigo W9060X nao encontrado | marca HP encontrada | tipo toner encontrado | cor preto encontrada,,
,TON-HP-W9060X-PRT,Toner HP W9060X-EVP Preto,W9060X,HP,preto,toner,,duckduckgo,4,rejeitada,-18,Toner HP W9060X-EVP Preto,KaBuM,https://images.kabum.com.br/produtos/fotos/sync_mirakl/584122/Cartucho-De-Toner-Original-Hp-80a-Preto-Cf-280a-Cf280a_1731795535_gg.jpg,https://www.kabum.com.br/produto/584122/cartucho-de-toner-original-hp-80a-preto-cf-280a-cf280a,C:\Users\Sama Contabilidade\Desktop\cópia de produtos\Produtos\TON-HP-W9060X-PRT\_review\04-images.kabum.com.br-5567d2df12.jpg,codigo W9060X nao encontrado | marca HP encontrada | tipo toner encontrado | cor preto encontrada,,
,TON-HP-W9060X-PRT,Toner HP W9060X-EVP Preto,W9060X,HP,preto,toner,,duckduckgo,7,rejeitada,-18,Toner HP W9060X-EVP Preto,Toner Original HP nº56A Preto - Limifield,https://www.limifield.pt/wp-content/uploads/2023/05/Toner-Original-HP-no56A-Preto.jpg,https://www.limifield.pt/loja/toner-original-hp-no56a-preto/,C:\Users\Sama Contabilidade\Desktop\cópia de produtos\Produtos\TON-HP-W9060X-PRT\_review\07-www.limifield.pt-76664c7492.jpg,codigo W9060X nao encontrado | marca HP encontrada | tipo toner encontrado | cor preto encontrada,,
,TON-HP-W9060X-PRT,Toner HP W9060X-EVP Preto,W9060X,HP,preto,toner,,duckduckgo,8,rejeitada,-18,Toner HP W9060X-EVP Preto,HP 59A Black Original LaserJet Toner Cartridge - Radox Technology,https://radox.co.ke/wp-content/uploads/2025/05/917817.png,https://radox.co.ke/product/hp-59a-black-original-laserjet-toner-cartridge/,C:\Users\Sama Contabilidade\Desktop\cópia de produtos\Produtos\TON-HP-W9060X-PRT\_review\08-radox.co.ke-8b9a6d80ee.png,codigo W9060X nao encontrado | marca HP encontrada | tipo toner encontrado | cor preto encontrada,,
,TON-HP-W9060X-PRT,Toner HP W9060X-EVP Preto,W9060X,HP,preto,toner,,duckduckgo,2,rejeitada,-18,HP W9060X toner preto original,Toner Original HP nº90X Preto Pack de 2 - Limifield,https://www.limifield.pt/wp-content/uploads/2023/05/Toner-Original-HP-no90X-Preto-Pack-de-2.jpg,https://www.limifield.pt/loja/toner-original-hp-no90x-preto-pack-de-2/,C:\Users\Sama Contabilidade\Desktop\cópia de produtos\Produtos\TON-HP-W9060X-PRT\_review\02-www.limifield.pt-8e7aad940b.jpg,codigo W9060X nao encontrado | marca HP encontrada | tipo toner encontrado | cor preto encontrada,,
,TON-HP-W9060X-PRT,Toner HP W9060X-EVP Preto,W9060X,HP,preto,toner,,duckduckgo,5,rejeitada,-18,HP W9060X toner preto original,HP 59A Black Original LaserJet Toner Cartridge,https://etech.co.ke/wp-content/uploads/2025/06/32482-hp-59a-11-1.webp,https://etech.co.ke/product/hp-59a-black-cf259a-original-laserjet-toner-cartridge-2/,C:\Users\Sama Contabilidade\Desktop\cópia de produtos\Produtos\TON-HP-W9060X-PRT\_review\05-etech.co.ke-8f5b79295d.webp,codigo W9060X nao encontrado | marca HP encontrada | tipo toner encontrado | cor preto encontrada,,
,TON-HP-W9060X-PRT,Toner HP W9060X-EVP Preto,W9060X,HP,preto,toner,,duckduckgo,8,rejeitada,-18,HP W9060X toner preto original,Toner Original Hp nº05A Preto - UDI - Universo da Informática,https://www.udi.pt/wp-content/uploads/2019/08/Toner-Original-Hp-no05A-Preto.jpg,https://www.udi.pt/produto/toner-original-hp-no05a-preto/,C:\Users\Sama Contabilidade\Desktop\cópia de produtos\Produtos\TON-HP-W9060X-PRT\_review\08-www.udi.pt-2316d947e0.jpg,codigo W9060X nao encontrado | marca HP encontrada | tipo toner encontrado | cor preto encontrada,,
,TON-HP-W9060X-PRT,Toner HP W9060X-EVP Preto,W9060X,HP,preto,toner,,duckduckgo,4,rejeitada,-108,HP W9060X toner preto original,Toner Original HP nº26A Preto - Limifield,https://www.limifield.pt/wp-content/uploads/2022/10/Toner-Compativel-Brother-TN1050-XL-Alta-Capacidade-Preto-2024-12-11T150453.253.jpg,https://www.limifield.pt/loja/toner-original-hp-no26a-preto/,C:\Users\Sama Contabilidade\Desktop\cópia de produtos\Produtos\TON-HP-W9060X-PRT\_review\04-www.limifield.pt-d7c6acb26e.jpg,codigo W9060X nao encontrado | marca HP encontrada | termo de compativel/remanufaturado sem isso constar na planilha | tipo toner encontrado | cor preto encontrada,,
,TON-HP-W9061X-CIA,Toner HP W9061X-EVP Ciano,W9061X,HP,ciano,toner,,duckduckgo,6,rejeitada,7,Toner HP W9061X-EVP Ciano,Cartucho de toner LaserJet ciano HP 130A original - (CF351A) - Loja HP ...,https://br-media.hptiendaenlinea.com/catalog/product/cache/b3b166914d87ce343d4dc5ec5117b502/C/F/CF351A-1_T1761237008.png,https://www.hp.com/br-pt/shop/cartucho-de-toner-laserjet-ciano-hp-130a-original-cf351a.html,C:\Users\Sama Contabilidade\Desktop\cópia de produtos\Produtos\TON-HP-W9061X-CIA\_review\06-br-media.hptiendaenlinea.com-9691ad7ccc.png,codigo W9061X nao encontrado | marca HP encontrada | fonte/imagem oficial ou confiavel para HP | tipo toner encontrado | cor ciano encontrada,,
,TON-HP-W9061X-CIA,Toner HP W9061X-EVP Ciano,W9061X,HP,ciano,toner,,duckduckgo,2,rejeitada,-18,Toner HP W9061X-EVP Ciano,HP 201A (CF401A) Toner Ciano 1400 páginas para Color LaserJet Pro M252/M277,https://chipman.pt/185298-large_default/tinteiro-hp-201a-laser-cartridge-1400paginas-cyan-cf401a.jpg,https://chipman.pt/tinteiros/tinteiro-hp-201a-laser-cartridge-1400paginas-cyan-cf401a,C:\Users\Sama Contabilidade\Desktop\cópia de produtos\Produtos\TON-HP-W9061X-CIA\_review\02-chipman.pt-196dfb4fdd.jpg,codigo W9061X nao encontrado | marca HP encontrada | tipo toner encontrado | cor ciano encontrada,,
,TON-HP-W9061X-CIA,Toner HP W9061X-EVP Ciano,W9061X,HP,ciano,toner,,duckduckgo,3,rejeitada,-18,Toner HP W9061X-EVP Ciano,Toner HP original CE271A CP5520 CP5525 M750 ciano | MadeiraMadeira,https://product-hub-prd.madeiramadeira.com.br/799003196/images/3fc73ddd-03a5-4a74-ad47-b0169d3916e70eca1f4161ad5a2d5e436e0cdb.jpg,https://www.madeiramadeira.com.br/toner-hp-original-ce271a-cp5520-cp5525-m750-ciano-799003196.html,C:\Users\Sama Contabilidade\Desktop\cópia de produtos\Produtos\TON-HP-W9061X-CIA\_review\03-product-hub-prd.madeiramadeira.com.br-caa534b365.jpg,codigo W9061X nao encontrado | marca HP encontrada | tipo toner encontrado | cor ciano encontrada,,
,TON-HP-W9061X-CIA,Toner HP W9061X-EVP Ciano,W9061X,HP,ciano,toner,,duckduckgo,4,rejeitada,-18,Toner HP W9061X-EVP Ciano,39592 -Cartucho de toner ciano Hp CP 2025 Katun Select / 2661B001AA ...,https://images.tcdn.com.br/img/img_prod/1167037/39592_cartucho_de_toner_ciano_hp_cp_2025_katun_select_2661b001aa_112767_5_4e9e9d1e96d83746b0b6e897f17db00e.jpg,https://www.mapelstore.com.br/suprimentos/hp/39592-cartucho-de-toner-cianohp-cp-2025-katun-select-2661b001aa,C:\Users\Sama Contabilidade\Desktop\cópia de produtos\Produtos\TON-HP-W9061X-CIA\_review\04-images.tcdn.com.br-6338f3068a.jpg,codigo W9061X nao encontrado | marca HP encontrada | tipo toner encontrado | cor ciano encontrada,,
,TON-HP-W9061X-CIA,Toner HP W9061X-EVP Ciano,W9061X,HP,ciano,toner,,duckduckgo,8,rejeitada,-18,Toner HP W9061X-EVP Ciano,HP LaserJet Toner 225A Ciano Original - Clever,https://clever.com.pt/wp-content/uploads/2025/10/e6090a0abecbe82b33d9d0e5f095c8f43d197e53-scaled.jpg,https://clever.com.pt/produto/hp-laserjet-toner-225a-ciano-original/,C:\Users\Sama Contabilidade\Desktop\cópia de produtos\Produtos\TON-HP-W9061X-CIA\_review\08-clever.com.pt-b68c608bc6.jpg,codigo W9061X nao encontrado | marca HP encontrada | tipo toner encontrado | cor ciano encontrada,,
,TON-HP-W9061X-CIA,Toner HP W9061X-EVP Ciano,W9061X,HP,ciano,toner,,duckduckgo,4,rejeitada,-18,HP W9061X toner ciano original,Toner HP CF411A Ciano Original | Casa das Impressoras | Soluções em ...,https://images.tcdn.com.br/img/img_prod/1130603/toner_hp_cf411a_ciano_original_5323563_1_dcf3200b095ff392fe9b2ec4c6155136.jpg,https://www.casadasimpressoras.com.br/toners/toner-hp-cf411a-ciano-original,C:\Users\Sama Contabilidade\Desktop\cópia de produtos\Produtos\TON-HP-W9061X-CIA\_review\04-images.tcdn.com.br-e5712240ce.jpg,codigo W9061X nao encontrado | marca HP encontrada | tipo toner encontrado | cor ciano encontrada,,
,TON-HP-W9061X-CIA,Toner HP W9061X-EVP Ciano,W9061X,HP,ciano,toner,,duckduckgo,5,rejeitada,-18,HP W9061X toner ciano original,Toner Hp Ce411a 305a Original - Ciano - 3k | MadeiraMadeira,https://product-hub-prd.madeiramadeira.com.br/530767301/images/5d44d04a-fe88-4779-b498-a609cce7fcae05b65db1d0d8119b975c4829a8.jpg,https://www.madeiramadeira.com.br/toner-hp-ce411a-305a-original-ciano-3k-530767301.html,C:\Users\Sama Contabilidade\Desktop\cópia de produtos\Produtos\TON-HP-W9061X-CIA\_review\05-product-hub-prd.madeiramadeira.com.br-7737ba2ccb.jpg,codigo W9061X nao encontrado | marca HP encontrada | tipo toner encontrado | cor ciano encontrada,,
,TON-HP-W9061X-CIA,Toner HP W9061X-EVP Ciano,W9061X,HP,ciano,toner,,duckduckgo,7,rejeitada,-18,HP W9061X toner ciano original,Toner Original Hp Cf411a 410a Ciano M452dw | Elo7,https://img.elo7.com.br/product/zoom/56D97BD/toner-original-hp-cf411a-410a-ciano-m452dw-samsung.jpg,https://www.elo7.com.br/toner-original-hp-cf411a-410a-ciano-m452dw/dp/208A7B6,,codigo W9061X nao encontrado | marca HP encontrada | tipo toner encontrado | cor ciano encontrada | download falhou: HTTP Error 404: Not Found,,
,TON-HP-W9062X-AMR,Toner HP W9062X-EVP Amarelo,W9062X,HP,amarelo,toner,,duckduckgo,3,rejeitada,-18,Toner HP W9062X-EVP Amarelo,HP TONER 126A CP1025/200 AMARELO ( CE312A),https://eadn-wc02-13158511.nxedge.io/media/catalog/product/cache/21e66967224519920b8a8cab253e0ab2/t/o/toner-hp-ce312a-cp1025200-yellow_2_.jpg,https://www.buitanda.com/hp-toner-126a-cp1025-200-amarelo-ce312a.html,,codigo W9062X nao encontrado | marca HP encontrada | tipo toner encontrado | cor amarelo encontrada | download falhou: HTTP Error 404: Not Found,,
,TON-HP-W9062X-AMR,Toner HP W9062X-EVP Amarelo,W9062X,HP,amarelo,toner,,duckduckgo,6,rejeitada,-18,Toner HP W9062X-EVP Amarelo,TONER HP 202A AMARILLO ORIGINAL - IDEAL PARA HASTA 1300 PÁGINAS ...,https://rimage.ripley.com.pe/home.ripley/Attachment/MKP/5679/PMP20001064688/full_image-1.jpeg,https://simple.ripley.com.pe/toner-hp-202a-amarillo-original-ideal-para-hasta-1300-paginas-excelente-calidad-de-impresion-pmp20001064688,,codigo W9062X nao encontrado | marca HP encontrada | tipo toner encontrado | cor amarelo encontrada | download falhou: HTTP Error 403: Forbidden,,
,TON-HP-W9062X-AMR,Toner HP W9062X-EVP Amarelo,W9062X,HP,amarelo,toner,,duckduckgo,1,rejeitada,-18,HP W9062X toner amarelo original,Cartucho de Toner Original Hp 125a Amarelo 2.2k Cb542a Cb542,https://img.elo7.com.br/product/zoom/56C84C0/cartucho-de-toner-original-hp-125a-amarelo-2-2k-cb542a-cb542-brother.jpg,https://www.elo7.com.br/cartucho-de-toner-original-hp-125a-amarelo-22k-cb542a-cb542/dp/2084E3F,,codigo W9062X nao encontrado | marca HP encontrada | tipo toner encontrado | cor amarelo encontrada | download falhou: HTTP Error 404: Not Found,,
,TON-HP-W9062X-AMR,Toner HP W9062X-EVP Amarelo,W9062X,HP,amarelo,toner,,duckduckgo,2,rejeitada,-18,HP W9062X toner amarelo original,Toner Hp 128a Amarelo Original Amarelo | Parcelamento sem juros,https://http2.mlstatic.com/D_NQ_NP_890369-MLB89098458980_082025-O.webp,https://www.mercadolivre.com.br/toner-hp-128a-amarelo-original/up/MLBU2803087643,C:\Users\Sama Contabilidade\Desktop\cópia de produtos\Produtos\TON-HP-W9062X-AMR\_review\02-http2.mlstatic.com-b6b6134581.webp,codigo W9062X nao encontrado | marca HP encontrada | tipo toner encontrado | cor amarelo encontrada,,
,TON-HP-W9062X-AMR,Toner HP W9062X-EVP Amarelo,W9062X,HP,amarelo,toner,,duckduckgo,5,rejeitada,-18,HP W9062X toner amarelo original,Toner Original Hp 650a Amarelo Yellow Cp5520 - Ce272a | MadeiraMadeira,https://product-hub-prd.madeiramadeira.com.br/783218647/images/e0e2440f-767e-49b9-ac6f-3ac3869c22445a000f68a09a996e2f8f4631ef.jpg,https://www.madeiramadeira.com.br/toner-original-hp-650a-amarelo-yellow-cp5520-ce272a-783218647.html,C:\Users\Sama Contabilidade\Desktop\cópia de produtos\Produtos\TON-HP-W9062X-AMR\_review\05-product-hub-prd.madeiramadeira.com.br-13edacba2f.jpg,codigo W9062X nao encontrado | marca HP encontrada | tipo toner encontrado | cor amarelo encontrada,,
,TON-HP-W9062X-AMR,Toner HP W9062X-EVP Amarelo,W9062X,HP,amarelo,toner,,duckduckgo,6,rejeitada,-18,HP W9062X toner amarelo original,Toner Original Hp Ce272a M750 Cp5525 650a Amarelo | Leroy Merlin,https://cdn.leroymerlin.com.br/products/toner_original_hp_ce272a_m750_cp5525_650a_amarelo_1572584504_45cd_600x600.jpg,https://www.leroymerlin.com.br/toner-original-hp-ce272a-m750-cp5525-650a-amarelo_1572584504,C:\Users\Sama Contabilidade\Desktop\cópia de produtos\Produtos\TON-HP-W9062X-AMR\_review\06-cdn.leroymerlin.com.br-2f9aa5d286.jpg,codigo W9062X nao encontrado | marca HP encontrada | tipo toner encontrado | cor amarelo encontrada,,
,TON-HP-W9062X-AMR,Toner HP W9062X-EVP Amarelo,W9062X,HP,amarelo,toner,,duckduckgo,8,rejeitada,-18,HP W9062X toner amarelo original,Toner Original HP 659X Amarelo - Limifield,https://www.limifield.pt/wp-content/uploads/2023/05/Toner-Original-HP-659X-Amarelo.jpg,https://www.limifield.pt/loja/toner-original-hp-659x-amarelo/,C:\Users\Sama Contabilidade\Desktop\cópia de produtos\Produtos\TON-HP-W9062X-AMR\_review\08-www.limifield.pt-d4dea023a7.jpg,codigo W9062X nao encontrado | marca HP encontrada | tipo toner encontrado | cor amarelo encontrada,,
,TON-HP-W9062X-AMR,Toner HP W9062X-EVP Amarelo,W9062X,HP,amarelo,toner,,duckduckgo,5,rejeitada,-138,Toner HP W9062X-EVP Amarelo,Toner HP 414X Amarelo Original W2022XC para Impressoras LaserJet M454 e ...,https://images.tcdn.com.br/img/img_prod/1130603/toner_hp_414x_amarelo_original_w2022xc_5323517_1_87bd7c16b518f7dc1bca3de52720beba.jpg,https://www.casadasimpressoras.com.br/toners/toner-hp-414x-amarelo-original-w2022xc,C:\Users\Sama Contabilidade\Desktop\cópia de produtos\Produtos\TON-HP-W9062X-AMR\_review\05-images.tcdn.com.br-7035d8f6be.jpg,codigo W9062X nao encontrado | codigo conflitante: W2022XC | marca HP encontrada | tipo toner encontrado | cor amarelo encontrada,,
,TON-HP-W9063X-MAG,Toner HP W9063X-EVP Magenta,W9063X,HP,magenta,toner,,duckduckgo,4,rejeitada,7,HP W9063X toner magenta original,HP 305A Magenta Original LaserJet Toner Cartridge - HP Store UK,https://store.hp.com/UKStore/Html/Merch/Images/c02639764_1750x1285.jpg,https://store.hp.com/UKStore/Merch/Product.aspx?id=CE413A&opt=&sel=SUP,,codigo W9063X nao encontrado | marca HP encontrada | fonte/imagem oficial ou confiavel para HP | tipo toner encontrado | cor magenta encontrada | download falhou: HTTP Error 403: Forbidden,,
,TON-HP-W9063X-MAG,Toner HP W9063X-EVP Magenta,W9063X,HP,magenta,toner,,duckduckgo,2,rejeitada,-18,Toner HP W9063X-EVP Magenta,HP 205A toner LaserJet Magenta authentique (CF533A) - EVO TRADING,https://evotrading.ma/wp-content/uploads/2024/03/hp-205a-toner-laserjet-magenta-authentique.jpg,https://evotrading.ma/produit/hp-205a-toner-laserjet-magenta-authentique/,C:\Users\Sama Contabilidade\Desktop\cópia de produtos\Produtos\TON-HP-W9063X-MAG\_review\02-evotrading.ma-ebf53aa8c7.jpg,codigo W9063X nao encontrado | marca HP encontrada | tipo toner encontrado | cor magenta encontrada,,
,TON-HP-W9063X-MAG,Toner HP W9063X-EVP Magenta,W9063X,HP,magenta,toner,,duckduckgo,3,rejeitada,-18,Toner HP W9063X-EVP Magenta,TONER HP 128A MAGENTA,https://rimage.ripley.com.pe/home.ripley/Attachment/MKP/3919/PMP20000136111/imagen2-1.jpeg,https://simple.ripley.com.pe/toner-hp-128a-magenta-pmp20000136111,,codigo W9063X nao encontrado | marca HP encontrada | tipo toner encontrado | cor magenta encontrada | download falhou: HTTP Error 403: Forbidden,,
,TON-HP-W9063X-MAG,Toner HP W9063X-EVP Magenta,W9063X,HP,magenta,toner,,duckduckgo,4,rejeitada,-18,Toner HP W9063X-EVP Magenta,HP 205A toner LaserJet Magenta authentique (CF533A) - EVO TRADING,https://evotrading.ma/wp-content/uploads/2024/03/hp-205a-toner-laserjet-magenta-authentique-3.jpg,https://evotrading.ma/produit/hp-205a-toner-laserjet-magenta-authentique/,C:\Users\Sama Contabilidade\Desktop\cópia de produtos\Produtos\TON-HP-W9063X-MAG\_review\04-evotrading.ma-efe22da028.jpg,codigo W9063X nao encontrado | marca HP encontrada | tipo toner encontrado | cor magenta encontrada,,
,TON-HP-W9063X-MAG,Toner HP W9063X-EVP Magenta,W9063X,HP,magenta,toner,,duckduckgo,5,rejeitada,-18,Toner HP W9063X-EVP Magenta,Toner HP 508X LaserJet Magenta grande capacité authentique (CF363X ...,https://evotrading.ma/wp-content/uploads/2019/06/toner-hp-508x-laserjet-magenta-grande-capacite-authentique-cf360x.jpg,https://evotrading.ma/produit/toner-hp-508x-laserjet-magenta-grande-capacite-authentique-cf363x/,C:\Users\Sama Contabilidade\Desktop\cópia de produtos\Produtos\TON-HP-W9063X-MAG\_review\05-evotrading.ma-614d7b376b.jpg,codigo W9063X nao encontrado | marca HP encontrada | tipo toner encontrado | cor magenta encontrada,,
,TON-HP-W9063X-MAG,Toner HP W9063X-EVP Magenta,W9063X,HP,magenta,toner,,duckduckgo,7,rejeitada,-18,Toner HP W9063X-EVP Magenta,Tóner 202A CF503A Original Magenta Impresoras HP Color M254 M280 M281,https://gruposuministros.co/3155-large_default/toner-202a-hp-magenta-para-impresoras-hp-color-laserjet-pro-m254-mfp-m280-mfp-m281.jpg,https://gruposuministros.co/hp/449-toner-202a-hp-magenta-para-impresoras-hp-color-laserjet-pro-m254-mfp-m280-mfp-m281-2143657890.html,C:\Users\Sama Contabilidade\Desktop\cópia de produtos\Produtos\TON-HP-W9063X-MAG\_review\07-gruposuministros.co-6bf55e4cb0.jpg,codigo W9063X nao encontrado | marca HP encontrada | tipo toner encontrado | cor magenta encontrada,,
,TON-HP-W9063X-MAG,Toner HP W9063X-EVP Magenta,W9063X,HP,magenta,toner,,duckduckgo,8,rejeitada,-18,Toner HP W9063X-EVP Magenta,HP 305A toner LaserJet magenta authentique (CE413A) - EVO TRADING,https://evotrading.ma/wp-content/uploads/2024/03/hp-305a-toner-laserjet-magenta-authentique-1.jpg,https://evotrading.ma/produit/hp-305a-toner-laserjet-magenta-authentique/,C:\Users\Sama Contabilidade\Desktop\cópia de produtos\Produtos\TON-HP-W9063X-MAG\_review\08-evotrading.ma-ce34a2ff8c.jpg,codigo W9063X nao encontrado | marca HP encontrada | tipo toner encontrado | cor magenta encontrada,,
,TON-HP-W9063X-MAG,Toner HP W9063X-EVP Magenta,W9063X,HP,magenta,toner,,duckduckgo,2,rejeitada,-18,HP W9063X toner magenta original,HP 643A Magenta Original Toner Toner Corporation,https://tonercorp.co.za/wp-content/uploads/2026/01/Gold-Elegant-Aesthetic-Feminine-Twitter-Profile-Picture-8.png,https://www.tonercorp.co.za/product/hp-643a-magenta-original-toner/,,"codigo W9063X nao encontrado | marca HP encontrada | tipo toner encontrado | cor magenta encontrada | download falhou: <urlopen error [WinError 10060] Uma tentativa de conexão falhou porque o componente conectado não respondeu
corretamente após um período de tempo ou a conexão estabelecida falhou
porque o host conectado não respondeu>",,
,TON-HP-CF287XZ-PRT,Toner HP CF287XZ Preto,CF287XZ,HP,preto,toner,,duckduckgo,5,rejeitada,-8,Toner HP CF287XZ Preto,Toner HP LaserJet 87X preto CF287X Original CF287XC/ CF287XZ - MecSupri ...,https://cdn.awsli.com.br/600x1000/109/109824/produto/29778310/707e45008d.jpg,https://www.mecsupri.com.br/toner-hp-laserjet-original-87x-preto-cf287xc-cf287xz,C:\Users\Sama Contabilidade\Desktop\cópia de produtos\Produtos\TON-HP-CF287XZ-PRT\_review\05-cdn.awsli.com.br-a139b1c034.png,"codigo CF287XZ encontrado | codigo conflitante: CF287X, CF287XC | marca HP encontrada | tipo toner encontrado | cor preto encontrada",,
,TON-HP-CF287XZ-PRT,Toner HP CF287XZ Preto,CF287XZ,HP,preto,toner,,duckduckgo,1,rejeitada,-138,Toner HP CF287XZ Preto,TONER HP 87X NEGRO CF287X,https://www.dgainsumos.cl/cdn/shop/products/WhatsAppImage2023-03-06at15.15.40_800x.jpg?v=1678126603,https://www.dgainsumos.cl/products/toner-hp-cf287x-negro-original,C:\Users\Sama Contabilidade\Desktop\cópia de produtos\Produtos\TON-HP-CF287XZ-PRT\_review\01-www.dgainsumos.cl-8797a3ab9d.jpg,codigo CF287XZ nao encontrado | codigo conflitante: CF287X | marca HP encontrada | tipo toner encontrado | cor preto encontrada,,
,TON-HP-CF287XZ-PRT,Toner HP CF287XZ Preto,CF287XZ,HP,preto,toner,,duckduckgo,2,rejeitada,-138,Toner HP CF287XZ Preto,CF287X | HP 87X | Original HP High-Yield LaserJet Toner Cartridge ...,https://cdn11.bigcommerce.com/s-h6qojy7n20/images/stencil/1280x1280/products/2794/14298/Remove_background_project__39040.1724095346.png?c=1,https://genuineink.com/cf287x-original-hp-87x-high-yield-laserjet-toner-cartridge-black/,C:\Users\Sama Contabilidade\Desktop\cópia de produtos\Produtos\TON-HP-CF287XZ-PRT\_review\02-cdn11.bigcommerce.com-308ded4f4e.png,codigo CF287XZ nao encontrado | codigo conflitante: CF287X | marca HP encontrada | tipo toner encontrado | cor preto encontrada,,
,TON-HP-CF287XZ-PRT,Toner HP CF287XZ Preto,CF287XZ,HP,preto,toner,,duckduckgo,3,rejeitada,-138,Toner HP CF287XZ Preto,TONER HP 87X NEGRO CF287X M506 NEGRO - Loeys Suministros,https://loeysuministros.com/wp-content/uploads/2021/01/HP-87X-CF287X.png,https://loeysuministros.com/producto/toner-hp-87x-negro/,C:\Users\Sama Contabilidade\Desktop\cópia de produtos\Produtos\TON-HP-CF287XZ-PRT\_review\03-loeysuministros.com-8e25a39620.png,codigo CF287XZ nao encontrado | codigo conflitante: CF287X | marca HP encontrada | tipo toner encontrado | cor preto encontrada,,
,TON-HP-CF287XZ-PRT,Toner HP CF287XZ Preto,CF287XZ,HP,preto,toner,,duckduckgo,8,rejeitada,-138,Toner HP CF287XZ Preto,Cartucho Toner Hp 87x Cf287xc - Preto Original Cf287x C/ Nf Preto ...,https://http2.mlstatic.com/D_NQ_NP_874798-MLB43880345185_102020-O.webp,https://www.mercadolivre.com.br/cartucho-toner-hp-87x--cf287xc--preto-original-cf287x-c-nf/up/MLBU1226184696,C:\Users\Sama Contabilidade\Desktop\cópia de produtos\Produtos\TON-HP-CF287XZ-PRT\_review\08-http2.mlstatic.com-1773c9e4c0.webp,"codigo CF287XZ nao encontrado | codigo conflitante: CF287XC, CF287X | marca HP encontrada | tipo toner encontrado | cor preto encontrada",,
,TON-HP-CF287XZ-PRT,Toner HP CF287XZ Preto,CF287XZ,HP,preto,toner,,duckduckgo,1,rejeitada,-138,HP CF287XZ toner preto original,Original HP 87X Black High-Yield LaserJet Toner Cartridge (CF287X),https://cdn11.bigcommerce.com/s-q6ybx2kbel/images/stencil/1280x1280/products/3589/6459/87X-B-3-TonerBuzz__22167__15079.1671089305.jpg?c=2,https://originalsupplies.com/hp-87x-cf287x-black-high-yield-original-laserjet-toner-cartridge/,C:\Users\Sama Contabilidade\Desktop\cópia de produtos\Produtos\TON-HP-CF287XZ-PRT\_review\01-cdn11.bigcommerce.com-77813bf55a.jpg,codigo CF287XZ nao encontrado | codigo conflitante: CF287X | marca HP encontrada | tipo toner encontrado | cor preto encontrada,,
,TON-HP-CF287XZ-PRT,Toner HP CF287XZ Preto,CF287XZ,HP,preto,toner,,duckduckgo,2,rejeitada,-138,HP CF287XZ toner preto original,HP 87X Toner (CF287X) - PC PROS Maroc,https://pcpros.ma/wp-content/uploads/2024/04/HP-87X-High-Yield-Black-Original-LaserJet-Toner-Cartridge-CF287X.jpg,https://pcpros.ma/produit/hp-87x-toner-cf287x/,C:\Users\Sama Contabilidade\Desktop\cópia de produtos\Produtos\TON-HP-CF287XZ-PRT\_review\02-pcpros.ma-3c8f492a14.jpg,codigo CF287XZ nao encontrado | codigo conflitante: CF287X | marca HP encontrada | tipo toner encontrado | cor preto encontrada,,
,TON-HP-CF287XZ-PRT,Toner HP CF287XZ Preto,CF287XZ,HP,preto,toner,,duckduckgo,4,rejeitada,-138,HP CF287XZ toner preto original,Tóner 87X CF287X Original impresora HP LaserJet M501 M506 M527,https://gruposuministros.co/6364-thickbox_default/toner-87x-hp-negro-para-impresoras-hp-laserjet-enterprise-m501-m501n-m506-mfp-m527.jpg,https://gruposuministros.co/hp/532-toner-87x-hp-negro-para-impresoras-hp-laserjet-enterprise-m501-m501n-m506-mfp-m527-2143657890.html,C:\Users\Sama Contabilidade\Desktop\cópia de produtos\Produtos\TON-HP-CF287XZ-PRT\_review\04-gruposuministros.co-4e3266aeca.jpg,codigo CF287XZ nao encontrado | codigo conflitante: CF287X | marca HP encontrada | tipo toner encontrado | cor preto encontrada,,
,TON-HP-CE390XZ-PRT,Toner HP CE390XZ Preto,CE390XZ,HP,preto,toner,,duckduckgo,4,rejeitada,-113,HP CE390XZ toner preto original,Cartucho de Tóner HP 90X Negro Alto Rendimiento LaserJet Original ...,https://d34vmoxq6ylzee.cloudfront.net/catalog/product/cache/b3b166914d87ce343d4dc5ec5117b502/C/E/CE390X-1_T1550224990.png,https://www.hp.com/co-es/shop/cartucho-de-toner-hp-90x-negro-alto-rendimiento-laserjet-original-ce390x.html,C:\Users\Sama Contabilidade\Desktop\cópia de produtos\Produtos\TON-HP-CE390XZ-PRT\_review\04-d34vmoxq6ylzee.cloudfront.net-326105131d.png,codigo CE390XZ nao encontrado | codigo conflitante: CE390X | marca HP encontrada | fonte/imagem oficial ou confiavel para HP | tipo toner encontrado | cor preto encontrada,,
,TON-HP-CE390XZ-PRT,Toner HP CE390XZ Preto,CE390XZ,HP,preto,toner,,duckduckgo,1,rejeitada,-138,Toner HP CE390XZ Preto,Toner HP 90X Preto Original CE390X | Casa das Impressoras | Soluções em ...,https://images.tcdn.com.br/img/img_prod/1130603/toner_hp_90x_preto_original_ce390x_5323647_1_982893407a3e9bfade467cf8b394008d.jpg,https://www.casadasimpressoras.com.br/toners/toner-hp-90x-preto-original-ce390x,C:\Users\Sama Contabilidade\Desktop\cópia de produtos\Produtos\TON-HP-CE390XZ-PRT\_review\01-images.tcdn.com.br-eb63e55502.jpg,codigo CE390XZ nao encontrado | codigo conflitante: CE390X | marca HP encontrada | tipo toner encontrado | cor preto encontrada,,
,TON-HP-CE390XZ-PRT,Toner HP CE390XZ Preto,CE390XZ,HP,preto,toner,,duckduckgo,2,rejeitada,-138,Toner HP CE390XZ Preto,Toner HP 90X Preto Laserjet Original (CE390X) SEM CAIXA - MecSupri - A ...,https://cdn.awsli.com.br/600x1000/109/109824/produto/202607472/390x-zqmnbh.jpg,https://www.mecsupri.com.br/toner-hp-90x-preto-laserjet-original-ce390x-sem-caixa,C:\Users\Sama Contabilidade\Desktop\cópia de produtos\Produtos\TON-HP-CE390XZ-PRT\_review\02-cdn.awsli.com.br-91c330c534.jpg,codigo CE390XZ nao encontrado | codigo conflitante: CE390X | marca HP encontrada | tipo toner encontrado | cor preto encontrada,,
,TON-HP-CE390XZ-PRT,Toner HP CE390XZ Preto,CE390XZ,HP,preto,toner,,duckduckgo,3,rejeitada,-138,Toner HP CE390XZ Preto,CE390X | HP 90X | Original HP High-Yield Toner Cartridge - Black ...,https://cdn11.bigcommerce.com/s-h6qojy7n20/images/stencil/1280x1280/products/5434/8124/90X-B-3__62765__66950.1654874268.jpg?c=1,https://genuineink.com/ce390x-hp-90x-original-hp-high-yield-toner-cartridge-black/,C:\Users\Sama Contabilidade\Desktop\cópia de produtos\Produtos\TON-HP-CE390XZ-PRT\_review\03-cdn11.bigcommerce.com-effbbf754c.jpg,codigo CE390XZ nao encontrado | codigo conflitante: CE390X | marca HP encontrada | tipo toner encontrado | cor preto encontrada,,
,TON-HP-CE390XZ-PRT,Toner HP CE390XZ Preto,CE390XZ,HP,preto,toner,,duckduckgo,6,rejeitada,-138,Toner HP CE390XZ Preto,TONER HP 90X NEGRO CE390X LJ 4555 ORIGINAL | Promart.pe - Promart,https://promart.vteximg.com.br/arquivos/ids/9363832-1000-1000/imageUrl_1.jpg?v=638938608286600000,https://www.promart.pe/toner-hp-90x-negro-ce390x-lj-4555-original-1001219161/p,C:\Users\Sama Contabilidade\Desktop\cópia de produtos\Produtos\TON-HP-CE390XZ-PRT\_review\06-promart.vteximg.com.br-b14b47321d.jpg,codigo CE390XZ nao encontrado | codigo conflitante: CE390X | marca HP encontrada | tipo toner encontrado | cor preto encontrada,,
,TON-HP-CE390XZ-PRT,Toner HP CE390XZ Preto,CE390XZ,HP,preto,toner,,duckduckgo,8,rejeitada,-138,Toner HP CE390XZ Preto,Toner Para Hp P4015 P4014 P4515 M601 M602 Cc364x Ce390x Preto ...,https://http2.mlstatic.com/D_NQ_NP_663140-MLB92317066521_092025-O.webp,https://www.mercadolivre.com.br/toner-para-hp-p4015-p4014-p4515-m601-m602-cc364x-ce390x/up/MLBU3049113685,C:\Users\Sama Contabilidade\Desktop\cópia de produtos\Produtos\TON-HP-CE390XZ-PRT\_review\08-http2.mlstatic.com-52ed823ac5.webp,codigo CE390XZ nao encontrado | codigo conflitante: CE390X | marca HP encontrada | tipo toner encontrado | cor preto encontrada,,
,TON-HP-CE390XZ-PRT,Toner HP CE390XZ Preto,CE390XZ,HP,preto,toner,,duckduckgo,5,rejeitada,-138,HP CE390XZ toner preto original,"Toner HP 90X CE390X Negro, M601, M603, M4555 Original - Suministros Yalmex",https://www.suministrosyalmex.com/wp-content/uploads/2021/05/TONER-HP-CE390X-NEGRO.jpg,https://www.suministrosyalmex.com/producto/toner-hp-90x-ce390x-negro-m601-m603-m4555-original/,C:\Users\Sama Contabilidade\Desktop\cópia de produtos\Produtos\TON-HP-CE390XZ-PRT\_review\05-www.suministrosyalmex.com-f4cc5e2dcf.jpg,codigo CE390XZ nao encontrado | codigo conflitante: CE390X | marca HP encontrada | tipo toner encontrado | cor preto encontrada,,
,TON-HP-CE390XZ-PRT,Toner HP CE390XZ Preto,CE390XZ,HP,preto,toner,,duckduckgo,6,rejeitada,-138,HP CE390XZ toner preto original,CE390X | HP 90X | Original HP High-Yield Toner Cartridge - Black ...,https://cdn11.bigcommerce.com/s-h6qojy7n20/images/stencil/1280x1280/products/5434/8126/90X-B-S__58043__45919.1654874269.jpg?c=1,https://genuineink.com/ce390x-hp-90x-original-hp-high-yield-toner-cartridge-black/,C:\Users\Sama Contabilidade\Desktop\cópia de produtos\Produtos\TON-HP-CE390XZ-PRT\_review\06-cdn11.bigcommerce.com-8244091413.jpg,codigo CE390XZ nao encontrado | codigo conflitante: CE390X | marca HP encontrada | tipo toner encontrado | cor preto encontrada,,
,TON-HP-CF281XZ-PRT,Toner HP CF281XZ Preto,CF281XZ,HP,preto,toner,,duckduckgo,8,rejeitada,-8,Toner HP CF281XZ Preto,Toner HP 81X Original CF281XZ Black | M630 M604 M605 M606 - Loja Casa ...,https://static3.tcdn.com.br/img/img_prod/27440/toner_hp_81x_original_cf281xz_black_m630_m604_m605_m606_27031_1_20200824135833.jpg,https://www.lojacasaprint.com.br/suprimentos-originais/toner/toners-hp/toner-hp-81x-original-cf281xc-black-m630-m604-m605-m606,C:\Users\Sama Contabilidade\Desktop\cópia de produtos\Produtos\TON-HP-CF281XZ-PRT\_review\08-static3.tcdn.com.br-4a0785bcf9.jpg,codigo CF281XZ encontrado | codigo conflitante: CF281XC | marca HP encontrada | tipo toner encontrado | cor preto encontrada,,
,TON-HP-CF281XZ-PRT,Toner HP CF281XZ Preto,CF281XZ,HP,preto,toner,,duckduckgo,7,rejeitada,-8,HP CF281XZ toner preto original,Toner HP 81X Original CF281XZ CF281X Black | M630 M604 M605 M606 - Loja ...,https://images.tcdn.com.br/img/img_prod/27440/toner_hp_81x_original_cf281xz_black_m630_m604_m605_m606_27031_1_20200824135833.jpg,https://www.lojacasaprint.com.br/suprimentos-originais/toner/toners-hp/toner-hp-81x-original-cf281xc-black-m630-m604-m605-m606,C:\Users\Sama Contabilidade\Desktop\cópia de produtos\Produtos\TON-HP-CF281XZ-PRT\_review\07-images.tcdn.com.br-9cc5eea99a.jpg,"codigo CF281XZ encontrado | codigo conflitante: CF281X, CF281XC | marca HP encontrada | tipo toner encontrado | cor preto encontrada",,
,TON-HP-CF281XZ-PRT,Toner HP CF281XZ Preto,CF281XZ,HP,preto,toner,,duckduckgo,3,rejeitada,-113,HP CF281XZ toner preto original,Cartucho de Tóner HP 81X Negro Alto Rendimiento LaserJet Original ...,https://d22k5h68hofcrd.cloudfront.net/catalog/product/cache/b3b166914d87ce343d4dc5ec5117b502/c/0/c03953591.png,https://www.hp.com/mx-es/shop/cartucho-de-toner-hp-81x-negro-alto-rendimiento-laserjet-original-cf281x.html,C:\Users\Sama Contabilidade\Desktop\cópia de produtos\Produtos\TON-HP-CF281XZ-PRT\_review\03-d22k5h68hofcrd.cloudfront.net-46f35f76bf.png,codigo CF281XZ nao encontrado | codigo conflitante: CF281X | marca HP encontrada | fonte/imagem oficial ou confiavel para HP | tipo toner encontrado | cor preto encontrada,,
,TON-HP-CF281XZ-PRT,Toner HP CF281XZ Preto,CF281XZ,HP,preto,toner,,duckduckgo,1,rejeitada,-138,Toner HP CF281XZ Preto,Toner Hp 81x Cf281x Preto Original M605dn Cx Branca Avariada ...,https://http2.mlstatic.com/D_NQ_NP_620998-MLB81813144065_012025-O-toner-hp-81x-cf281x-preto-original-m605dn-cx-branca-avariada.webp,https://produto.mercadolivre.com.br/MLB-3832919565-toner-hp-81x-cf281x-preto-original-m605dn-cx-branca-avariada-_JM,C:\Users\Sama Contabilidade\Desktop\cópia de produtos\Produtos\TON-HP-CF281XZ-PRT\_review\01-http2.mlstatic.com-39a4fb263b.webp,codigo CF281XZ nao encontrado | codigo conflitante: CF281X | marca HP encontrada | tipo toner encontrado | cor preto encontrada,,
,TON-HP-CF281XZ-PRT,Toner HP CF281XZ Preto,CF281XZ,HP,preto,toner,,duckduckgo,2,rejeitada,-138,Toner HP CF281XZ Preto,Toner HP LaserJet Original 81X Preto CF281X | MadeiraMadeira,https://product-hub-prd.madeiramadeira.com.br/356460210/images/cca2a5de-7cfd-4deb-bcf2-dc263e370cf3e284744b5ea64a6972e701e233.jpg,https://www.madeiramadeira.com.br/toner-hp-laserjet-original-81x-preto-cf281x-356460210.html,C:\Users\Sama Contabilidade\Desktop\cópia de produtos\Produtos\TON-HP-CF281XZ-PRT\_review\02-product-hub-prd.madeiramadeira.com.br-1fec16f291.jpg,codigo CF281XZ nao encontrado | codigo conflitante: CF281X | marca HP encontrada | tipo toner encontrado | cor preto encontrada,,
,TON-HP-CF281XZ-PRT,Toner HP CF281XZ Preto,CF281XZ,HP,preto,toner,,duckduckgo,4,rejeitada,-138,Toner HP CF281XZ Preto,"HP CF281X 81X High Yield Original LaserJet Toner Cartridge, Black ...",https://m.media-amazon.com/images/I/61j45PctPdL.jpg,https://www.amazon.co.uk/HP-CF281X-Original-LaserJet-Cartridge/dp/B00MCDKAA8,C:\Users\Sama Contabilidade\Desktop\cópia de produtos\Produtos\TON-HP-CF281XZ-PRT\_review\04-m.media-amazon.com-4033a09ed5.jpg,codigo CF281XZ nao encontrado | codigo conflitante: CF281X | marca HP encontrada | tipo toner encontrado | cor preto encontrada,,
,TON-HP-CF281XZ-PRT,Toner HP CF281XZ Preto,CF281XZ,HP,preto,toner,,duckduckgo,5,rejeitada,-138,Toner HP CF281XZ Preto,"Toner HP 81X Preto CF281X 25000 Pág,",https://paper.pt/image/cache/catalog/images/produtos/hpcf281x-600x315.jpg,https://paper.pt/hpcf281x,C:\Users\Sama Contabilidade\Desktop\cópia de produtos\Produtos\TON-HP-CF281XZ-PRT\_review\05-paper.pt-89cab05427.jpg,codigo CF281XZ nao encontrado | codigo conflitante: CF281X | marca HP encontrada | tipo toner encontrado | cor preto encontrada,,
,TON-HP-CF281XZ-PRT,Toner HP CF281XZ Preto,CF281XZ,HP,preto,toner,,duckduckgo,6,rejeitada,-138,Toner HP CF281XZ Preto,Cartucho toner HP 81X original CF281X Negro HP | falabella.com,https://imagedelivery.net/4fYuQyy-r8_rpBpcY7lH_A/falabellaPE/132659438_01/public,https://www.falabella.com.pe/falabella-pe/product/132659437/Cartucho-toner-HP-81X-original-CF281X-Negro/132659438,C:\Users\Sama Contabilidade\Desktop\cópia de produtos\Produtos\TON-HP-CF281XZ-PRT\_review\06-imagedelivery.net-46d6a1a2f6.jpg,codigo CF281XZ nao encontrado | codigo conflitante: CF281X | marca HP encontrada | tipo toner encontrado | cor preto encontrada,,
,TON-HP-CE253AZ-MAG,Toner HP CE253AZ Magenta,CE253AZ,HP,magenta,toner,,duckduckgo,1,rejeitada,-138,Toner HP CE253AZ Magenta,Toner HP CE253A Magenta LaserJet original en PlanetOffice,https://www.planetoffice.com.ar/images_prg/toner_hp/hp/00003987-1370540811_gde.jpg,https://www.planetoffice.com.ar/productDetail/00003987,C:\Users\Sama Contabilidade\Desktop\cópia de produtos\Produtos\TON-HP-CE253AZ-MAG\_review\01-www.planetoffice.com.ar-c05fc73ccc.jpg,codigo CE253AZ nao encontrado | codigo conflitante: CE253A | marca HP encontrada | tipo toner encontrado | cor magenta encontrada,,
,TON-HP-CE253AZ-MAG,Toner HP CE253AZ Magenta,CE253AZ,HP,magenta,toner,,duckduckgo,2,rejeitada,-138,Toner HP CE253AZ Magenta,HP 504A CE253A Magenta Original LaserJet Toner Cartridge : Target,https://target.scene7.com/is/image/Target/GUEST_6987fa6c-8f32-4475-9518-afdf952745c5?wid=300&hei=300&fmt=pjpeg,https://www.target.com/p/hp-504a-ce253a-magenta-original-laserjet-toner-cartridge/-/A-1008552403,C:\Users\Sama Contabilidade\Desktop\cópia de produtos\Produtos\TON-HP-CE253AZ-MAG\_review\02-target.scene7.com-cbec758034.webp,codigo CE253AZ nao encontrado | codigo conflitante: CE253A | marca HP encontrada | tipo toner encontrado | cor magenta encontrada,,
,TON-HP-CE253AZ-MAG,Toner HP CE253AZ Magenta,CE253AZ,HP,magenta,toner,,duckduckgo,3,rejeitada,-138,Toner HP CE253AZ Magenta,HP 504A - CE253A - Toner HP - 1 x magenta - 7000 pages,https://www.kit-de-maintenance.fr/18662-thickbox_default/ce253a.jpg,https://www.kit-de-maintenance.fr/toner-hp/3788-ce253a.html,C:\Users\Sama Contabilidade\Desktop\cópia de produtos\Produtos\TON-HP-CE253AZ-MAG\_review\03-www.kit-de-maintenance.fr-ce0a751e99.jpg,codigo CE253AZ nao encontrado | codigo conflitante: CE253A | marca HP encontrada | tipo toner encontrado | cor magenta encontrada,,
,TON-HP-CE253AZ-MAG,Toner HP CE253AZ Magenta,CE253AZ,HP,magenta,toner,,duckduckgo,4,rejeitada,-138,Toner HP CE253AZ Magenta,HP - toner pre laserové farebné tlačiarne - CE253A Magenta | Activa,https://i.actva.cz/i/1/1/f6b/19f6b/600x450/bLh7mx_600x600xffffff_a4ab0875b79ec20f.jpg,https://www.activa.sk/produkt/hp-toner-pre-laserove-farebne-tlaciarne-ce253a-magenta-10441/,,codigo CE253AZ nao encontrado | codigo conflitante: CE253A | marca HP encontrada | tipo toner encontrado | cor magenta encontrada | download falhou: HTTP Error 403: Forbidden,,
,TON-HP-CE253AZ-MAG,Toner HP CE253AZ Magenta,CE253AZ,HP,magenta,toner,,duckduckgo,5,rejeitada,-138,Toner HP CE253AZ Magenta,Toner Hp 504a 504 Ce253a Ce253a 253a 253 Cm3530 Cp3525 3520 Magenta ...,https://http2.mlstatic.com/D_NQ_NP_851194-MLA92466979538_092025-O.webp,https://www.mercadolibre.com.ar/toner-hp-504a-504-ce253a-ce253a-253a-253-cm3530-cp3525-3520/up/MLAU266439615,C:\Users\Sama Contabilidade\Desktop\cópia de produtos\Produtos\TON-HP-CE253AZ-MAG\_review\05-http2.mlstatic.com-b8a1046b75.webp,codigo CE253AZ nao encontrado | codigo conflitante: CE253A | marca HP encontrada | tipo toner encontrado | cor magenta encontrada,,
,TON-HP-CE253AZ-MAG,Toner HP CE253AZ Magenta,CE253AZ,HP,magenta,toner,,duckduckgo,6,rejeitada,-138,Toner HP CE253AZ Magenta,Cartucho de Toner HP CE253A Magenta 【 504A 】,https://www.kabifperu.com/imagenes/cartucho-de-toner-hp-ce253a-magenta-504a-deta-17092022113733.jpg,https://www.kabifperu.com/producto/cartucho-de-toner-hp-ce253a-magenta-504a/,C:\Users\Sama Contabilidade\Desktop\cópia de produtos\Produtos\TON-HP-CE253AZ-MAG\_review\06-www.kabifperu.com-2bf0992dde.jpg,codigo CE253AZ nao encontrado | codigo conflitante: CE253A | marca HP encontrada | tipo toner encontrado | cor magenta encontrada,,
,TON-HP-CE253AZ-MAG,Toner HP CE253AZ Magenta,CE253AZ,HP,magenta,toner,,duckduckgo,7,rejeitada,-138,Toner HP CE253AZ Magenta,Original HP 504A Magenta LaserJet Toner Cartridge (CE253A),https://cdn11.bigcommerce.com/s-q6ybx2kbel/images/stencil/1280x1280/products/659/6261/504A-M-F-TonerBuzz__98844__28839.1667965131.jpg?c=2,https://originalsupplies.com/hp-504a-magenta-ce253a-original-laserjet-toner-cartridge/,C:\Users\Sama Contabilidade\Desktop\cópia de produtos\Produtos\TON-HP-CE253AZ-MAG\_review\07-cdn11.bigcommerce.com-b31133e135.jpg,codigo CE253AZ nao encontrado | codigo conflitante: CE253A | marca HP encontrada | tipo toner encontrado | cor magenta encontrada,,
,TON-HP-CE253AZ-MAG,Toner HP CE253AZ Magenta,CE253AZ,HP,magenta,toner,,duckduckgo,8,rejeitada,-138,Toner HP CE253AZ Magenta,HP 504A Magenta LaserJet Toner Cartridge (CE253A) for sale online | eBay,https://i.ebayimg.com/images/g/bLUAAOSwUNtleivt/s-l1600.jpg,https://www.ebay.com/p/24012032027,C:\Users\Sama Contabilidade\Desktop\cópia de produtos\Produtos\TON-HP-CE253AZ-MAG\_review\08-i.ebayimg.com-a8e17580fc.jpg,codigo CE253AZ nao encontrado | codigo conflitante: CE253A | marca HP encontrada | tipo toner encontrado | cor magenta encontrada,,
,PROD-SAM-JC9611705A660AX5V0021,Samsung JC9611705A660AX5V0021,JC9611705A660AX5V0021,Samsung,,,,duckduckgo,3,rejeitada,-15,Samsung JC9611705A660AX5V0021,Samsung Showcases the Future of Connected Retail Experiences at NRF 2024,https://img.us.news.samsung.com/us/wp-content/uploads/2024/01/11182352/Samsung-One-scaled.jpg,https://news.samsung.com/us/samsung-showcases-future-connected-retail-experiences-nrf-2024/,,codigo JC9611705A660AX5V0021 nao encontrado | marca Samsung encontrada | fonte/imagem oficial ou confiavel para Samsung | download falhou: <urlopen error [SSL: CERTIFICATE_VERIFY_FAILED] certificate verify failed: unable to get local issuer certificate (_ssl.c:1081)>,,
,PROD-SAM-JC9611705A660AX5V0021,Samsung JC9611705A660AX5V0021,JC9611705A660AX5V0021,Samsung,,,,duckduckgo,1,rejeitada,-40,Samsung JC9611705A660AX5V0021,Samsung 43-Inch Class Crystal UHD U8000F 4K Smart TV (2025 Model ...,https://images-na.ssl-images-amazon.com/images/I/8170FdFwkML.jpg,https://www.nellisauction.com/p/Samsung-43-Inch-Class-Crystal-UHD-U8000F-4K-Smart-TV-2025-Model/59587096,C:\Users\Sama Contabilidade\Desktop\cópia de produtos\Produtos\PROD-SAM-JC9611705A660AX5V0021\_review\01-images-na.ssl-images-amazon.com-e945b372aa.jpg,codigo JC9611705A660AX5V0021 nao encontrado | marca Samsung encontrada,,
,PROD-SAM-JC9611705A660AX5V0021,Samsung JC9611705A660AX5V0021,JC9611705A660AX5V0021,Samsung,,,,duckduckgo,2,rejeitada,-40,Samsung JC9611705A660AX5V0021,"Amazon.com: Samsung Galaxy S24 Ultra 5G, US Version, 256GB, Titanium ...",https://m.media-amazon.com/images/I/71qeTVe5d1L._AC_SL1500_.jpg,https://www.amazon.com/SAMSUNG-Galaxy-Version-Titanium-Violet/dp/B0D5ZW2Y2Z,C:\Users\Sama Contabilidade\Desktop\cópia de produtos\Produtos\PROD-SAM-JC9611705A660AX5V0021\_review\02-m.media-amazon.com-18aeffe341.jpg,codigo JC9611705A660AX5V0021 nao encontrado | marca Samsung encontrada,,
,PROD-SAM-JC9611705A660AX5V0021,Samsung JC9611705A660AX5V0021,JC9611705A660AX5V0021,Samsung,,,,duckduckgo,4,rejeitada,-40,Samsung JC9611705A660AX5V0021,Amazon.com: SAMSUNG 55-Inch Class OLED 4K S90D Series HDR+ Smart TV w ...,https://m.media-amazon.com/images/I/81qzesFxZvL._AC_.jpg,https://www.amazon.com/SAMSUNG-Tracking-Xcelerator-Enhancer-Upscaling/dp/B0CV9L3R7V,C:\Users\Sama Contabilidade\Desktop\cópia de produtos\Produtos\PROD-SAM-JC9611705A660AX5V0021\_review\04-m.media-amazon.com-f9eda1c2e1.jpg,codigo JC9611705A660AX5V0021 nao encontrado | marca Samsung encontrada,,
,PROD-SAM-JC9611705A660AX5V0021,Samsung JC9611705A660AX5V0021,JC9611705A660AX5V0021,Samsung,,,,duckduckgo,5,rejeitada,-40,Samsung JC9611705A660AX5V0021,Samsung DU6900 4K TV Best Calibrated Picture Settings - HomeTheaterReview,https://images.hometheaterreview.com/htr-stateless/2025/04/cb179d4d-samsung-65-oled-s95f-4k-smart-tv-2025.jpg,https://hometheaterreview.com/yt2posts_youtube/samsung-du6900-4k-tv-best-calibrated-picture-settings/,C:\Users\Sama Contabilidade\Desktop\cópia de produtos\Produtos\PROD-SAM-JC9611705A660AX5V0021\_review\05-images.hometheaterreview.com-a0ca145070.jpg,codigo JC9611705A660AX5V0021 nao encontrado | marca Samsung encontrada,,
,PROD-SAM-JC9611705A660AX5V0021,Samsung JC9611705A660AX5V0021,JC9611705A660AX5V0021,Samsung,,,,duckduckgo,6,rejeitada,-40,Samsung JC9611705A660AX5V0021,Samsung Singapore Opens Three New Samsung Experience Stores - European ...,https://europeanbusinessmagazine.com/wp-content/uploads/2024/07/Samsung-SG-image.png,https://europeanbusinessmagazine.com/samsung-singapore-opens-three-new-samsung-experience-stores/,C:\Users\Sama Contabilidade\Desktop\cópia de produtos\Produtos\PROD-SAM-JC9611705A660AX5V0021\_review\06-europeanbusinessmagazine.com-cbe7af4c95.png,codigo JC9611705A660AX5V0021 nao encontrado | marca Samsung encontrada,,
,PROD-SAM-JC9611705A660AX5V0021,Samsung JC9611705A660AX5V0021,JC9611705A660AX5V0021,Samsung,,,,duckduckgo,7,rejeitada,-40,Samsung JC9611705A660AX5V0021,Samsung Galaxy A12 Nacho Screen Replacement - Phone Repair Kenya,https://phonerepair.co.ke/wp-content/uploads/2024/11/Samsung-Screen-152.jpeg,https://phonerepair.co.ke/product/samsung-galaxy-a12-nacho-screen-replacement/,,codigo JC9611705A660AX5V0021 nao encontrado | marca Samsung encontrada | download falhou: HTTP Error 403: Forbidden,,
,PROD-SAM-JC9611705A660AX5V0021,Samsung JC9611705A660AX5V0021,JC9611705A660AX5V0021,Samsung,,,,duckduckgo,8,rejeitada,-40,Samsung JC9611705A660AX5V0021,New 'Why Samsung' campaign feels personal - Sammy Fans,https://www.sammyfans.com/wp-content/uploads/2025/10/why-samsung-img.jpg,https://www.sammyfans.com/2025/10/21/why-samsung-campaign-feels-personal/,C:\Users\Sama Contabilidade\Desktop\cópia de produtos\Produtos\PROD-SAM-JC9611705A660AX5V0021\_review\08-www.sammyfans.com-7f03ae938c.jpg,codigo JC9611705A660AX5V0021 nao encontrado | marca Samsung encontrada,,
,TON-GEN-3503H-CIA,Toner Ricoh 3503H Ciano,3503H,Ricoh,ciano,toner,,duckduckgo,1,rejeitada,-18,Toner Ricoh 3503H Ciano,841820-TONER RICOH MP C3503 CYAN ORIGINALE - Ricambi Fotocopiatrici,https://ricambifotocopiatrici.com/wp-content/uploads/2019/07/ricoh-mp-c3503c-ciano-toner-9191.png,https://ricambifotocopiatrici.com/prodotto/841820-toner-ricoh-mp-c3503-cyan-originale/,C:\Users\Sama Contabilidade\Desktop\cópia de produtos\Produtos\TON-GEN-3503H-CIA\_review\01-ricambifotocopiatrici.com-ffc8b14d7f.png,codigo 3503H nao encontrado | marca Ricoh encontrada | tipo toner encontrado | cor ciano encontrada,,
,TON-GEN-3503H-CIA,Toner Ricoh 3503H Ciano,3503H,Ricoh,ciano,toner,,duckduckgo,5,rejeitada,-18,Toner Ricoh 3503H Ciano,Cartucho De Toner Ciano Ricoh Mpc 3003 Mpc 3503 Orig 841816 | MercadoLivre,https://http2.mlstatic.com/D_NQ_NP_836683-MLB92358579459_092025-O.webp,https://www.mercadolivre.com.br/cartucho-de-toner-ciano-ricoh-mpc-3003-mpc-3503-orig-841816/up/MLBU734786749,C:\Users\Sama Contabilidade\Desktop\cópia de produtos\Produtos\TON-GEN-3503H-CIA\_review\05-http2.mlstatic.com-96264d7efd.webp,codigo 3503H nao encontrado | marca Ricoh encontrada | tipo toner encontrado | cor ciano encontrada,,
,TON-GEN-3503H-CIA,Toner Ricoh 3503H Ciano,3503H,Ricoh,ciano,toner,,duckduckgo,8,rejeitada,-18,Toner Ricoh 3503H Ciano,CARTUCHO DE TONER TECNOTONER CIANO PARA USO EM RICOH MPC-3503 C ...,https://www.tecnotoner.com.br/wp-content/uploads/2021/01/MPC-3503C.jpg,https://www.tecnotoner.com.br/produto/cartucho-de-toner-tecnotoner-ciano-para-uso-em-ricoh-mpc-3503-c/,C:\Users\Sama Contabilidade\Desktop\cópia de produtos\Produtos\TON-GEN-3503H-CIA\_review\08-www.tecnotoner.com.br-1bb58556b8.jpg,codigo 3503H nao encontrado | marca Ricoh encontrada | tipo toner encontrado | cor ciano encontrada,,
,TON-GEN-3503H-CIA,Toner Ricoh 3503H Ciano,3503H,Ricoh,ciano,toner,,duckduckgo,1,rejeitada,-18,Ricoh 3503H toner ciano original,Toner Ricoh Ciano | Parcelamento sem juros,https://http2.mlstatic.com/D_NQ_NP_671786-MLU76610754747_052024-O.webp,https://www.mercadolivre.com.br/toner-ricoh-ciano/p/MLB37126106,C:\Users\Sama Contabilidade\Desktop\cópia de produtos\Produtos\TON-GEN-3503H-CIA\_review\01-http2.mlstatic.com-af53811c27.webp,codigo 3503H nao encontrado | marca Ricoh encontrada | tipo toner encontrado | cor ciano encontrada,,
,TON-GEN-3503H-CIA,Toner Ricoh 3503H Ciano,3503H,Ricoh,ciano,toner,,duckduckgo,2,rejeitada,-18,Ricoh 3503H toner ciano original,Toner ciano original Ricoh 841197 - 5.500 páginas.,https://dex.pt/6488-large_default/toner-ciano-original-ricoh-841197.jpg,https://dex.pt/ricoh/3059-toner-ciano-original-ricoh-841197.html,C:\Users\Sama Contabilidade\Desktop\cópia de produtos\Produtos\TON-GEN-3503H-CIA\_review\02-dex.pt-1f8d5a9cba.jpg,codigo 3503H nao encontrado | marca Ricoh encontrada | tipo toner encontrado | cor ciano encontrada,,
,TON-GEN-3503H-CIA,Toner Ricoh 3503H Ciano,3503H,Ricoh,ciano,toner,,duckduckgo,3,rejeitada,-18,Ricoh 3503H toner ciano original,TONER AZUL RICOH IM C 3000/3500,https://casadopapel.ao/12704-large_default/toner-azul-ciano-im-c-30003500.jpg,https://casadopapel.ao/inicio/6047-toner-azul-ciano-im-c-30003500.html,C:\Users\Sama Contabilidade\Desktop\cópia de produtos\Produtos\TON-GEN-3503H-CIA\_review\03-casadopapel.ao-7e51b8fa86.jpg,codigo 3503H nao encontrado | marca Ricoh encontrada | tipo toner encontrado | cor ciano encontrada,,
,TON-GEN-3503H-CIA,Toner Ricoh 3503H Ciano,3503H,Ricoh,ciano,toner,,duckduckgo,4,rejeitada,-18,Ricoh 3503H toner ciano original,Toner Ricoh Mpc3003 Mpc3503 Tinta Ciano | Parcelamento sem juros,https://http2.mlstatic.com/D_NQ_NP_944043-MLA80080280068_102024-O.webp,https://www.mercadolivre.com.br/toner-ricoh-mpc3003-mpc3503-tinta-ciano/p/MLB41150471,C:\Users\Sama Contabilidade\Desktop\cópia de produtos\Produtos\TON-GEN-3503H-CIA\_review\04-http2.mlstatic.com-7e22a2844f.webp,codigo 3503H nao encontrado | marca Ricoh encontrada | tipo toner encontrado | cor ciano encontrada,,
,TON-GEN-3503H-CIA,Toner Ricoh 3503H Ciano,3503H,Ricoh,ciano,toner,,duckduckgo,5,rejeitada,-18,Ricoh 3503H toner ciano original,Toner originale Ricoh 842564 CIANO,https://www.offertecartucce.com/wp-content/uploads/2023/12/toner-ricoh-842564-originale-ciano.jpg,https://www.offertecartucce.com/p/toner-ricoh-842564-originale-ciano/,C:\Users\Sama Contabilidade\Desktop\cópia de produtos\Produtos\TON-GEN-3503H-CIA\_review\05-www.offertecartucce.com-bfd27d5813.jpg,codigo 3503H nao encontrado | marca Ricoh encontrada | tipo toner encontrado | cor ciano encontrada,,
,TON-GEN-3503H-AMR,Toner Ricoh 3503H Amarelo,3503H,Ricoh,amarelo,toner,,duckduckgo,1,rejeitada,-18,Toner Ricoh 3503H Amarelo,Toner Ricoh Yellow Mp C3003 C3004 C3503 841814 Original Amarelo | Frete ...,https://http2.mlstatic.com/D_NQ_NP_606061-MLB91695572753_092025-O.webp,https://www.mercadolivre.com.br/toner-ricoh-yellow-mp-c3003-c3004-c3503-841814-original/up/MLBU785353773,C:\Users\Sama Contabilidade\Desktop\cópia de produtos\Produtos\TON-GEN-3503H-AMR\_review\01-http2.mlstatic.com-355e06ecf4.webp,codigo 3503H nao encontrado | marca Ricoh encontrada | tipo toner encontrado | cor amarelo encontrada,,
,TON-GEN-3503H-AMR,Toner Ricoh 3503H Amarelo,3503H,Ricoh,amarelo,toner,,duckduckgo,3,rejeitada,-18,Toner Ricoh 3503H Amarelo,Ricoh MP C3503 - Yellow Toner Cartridge Original - Arabian Stationery,https://arabianstationery.com/wp-content/uploads/2023/10/Yellow.jpg,https://arabianstationery.com/product/ricoh-mp-c3503-yellow-toner-cartridge-original/,C:\Users\Sama Contabilidade\Desktop\cópia de produtos\Produtos\TON-GEN-3503H-AMR\_review\03-arabianstationery.com-e89ff57be4.jpg,codigo 3503H nao encontrado | marca Ricoh encontrada | tipo toner encontrado | cor amarelo encontrada,,
,TON-GEN-3503H-AMR,Toner Ricoh 3503H Amarelo,3503H,Ricoh,amarelo,toner,,duckduckgo,8,rejeitada,-18,Toner Ricoh 3503H Amarelo,Tóner Ricoh Amarillo Original 842252/842435 IM C3000/C3500,https://impresorasmexico.mx/cdn/shop/files/842435EDITADO_3.png?v=1711639139&width=416,https://impresorasmexico.mx/products/toner-ricoh-im-c3500-amarillo-original-842252,C:\Users\Sama Contabilidade\Desktop\cópia de produtos\Produtos\TON-GEN-3503H-AMR\_review\08-impresorasmexico.mx-376f7317dd.png,codigo 3503H nao encontrado | marca Ricoh encontrada | tipo toner encontrado | cor amarelo encontrada,,
,TON-GEN-3503H-AMR,Toner Ricoh 3503H Amarelo,3503H,Ricoh,amarelo,toner,,duckduckgo,4,rejeitada,-18,Ricoh 3503H toner amarelo original,Ricoh MP-C3503/MP-C3003 Yellow Original Toner Cartridge - Toner Corporation,https://tonercorp.co.za/wp-content/uploads/2023/11/3503Y.jpg,https://www.tonercorp.co.za/product/ricoh-mp-c3503-mp-c3003-yellow-original-toner/,,"codigo 3503H nao encontrado | marca Ricoh encontrada | tipo toner encontrado | cor amarelo encontrada | download falhou: <urlopen error [WinError 10060] Uma tentativa de conexão falhou porque o componente conectado não respondeu
corretamente após um período de tempo ou a conexão estabelecida falhou
porque o host conectado não respondeu>",,
,TON-GEN-3503H-AMR,Toner Ricoh 3503H Amarelo,3503H,Ricoh,amarelo,toner,,duckduckgo,6,rejeitada,-38,Ricoh 3503H toner amarelo original,Kit Cartucho De Toner Ricoh Mpc 3003 Mpc 3503 Original | Shopee Brasil,https://down-br.img.susercontent.com/file/br-11134207-7r98o-m6mquyajtk4wcb,https://shopee.com.br/Kit-Cartucho-De-Toner-Ricoh-Mpc-3003-Mpc-3503-Original-i.1141291006.21999184011,C:\Users\Sama Contabilidade\Desktop\cópia de produtos\Produtos\TON-GEN-3503H-AMR\_review\06-down-br.img.susercontent.com-6ffc37812c.jpg,codigo 3503H nao encontrado | marca Ricoh encontrada | tipo toner encontrado | cor amarelo nao confirmada,,
,TON-GEN-3503H-AMR,Toner Ricoh 3503H Amarelo,3503H,Ricoh,amarelo,toner,,duckduckgo,7,rejeitada,-88,Toner Ricoh 3503H Amarelo,TONER RICOH MP C3503 AMARILLO - Fotosol,https://fotosol.cl/cdn/shop/files/TONERRICOHMPC3503AMARILLO.jpg?v=1742331683,https://fotosol.cl/products/toner-ricoh-mp-c3503-magenta-copia,C:\Users\Sama Contabilidade\Desktop\cópia de produtos\Produtos\TON-GEN-3503H-AMR\_review\07-fotosol.cl-0fcb52ac3f.jpg,codigo 3503H nao encontrado | cor conflitante: magenta | marca Ricoh encontrada | tipo toner encontrado | cor amarelo encontrada,,
,TON-GEN-3503H-AMR,Toner Ricoh 3503H Amarelo,3503H,Ricoh,amarelo,toner,,duckduckgo,2,rejeitada,-108,Toner Ricoh 3503H Amarelo,Cartucho De Toner Ricoh Mp C3503 C3504 Compatível Yellow Amarelo ...,https://http2.mlstatic.com/D_NQ_NP_883707-MLB92340193637_092025-O.webp,https://www.mercadolivre.com.br/cartucho-de-toner-ricoh-mp-c3503-c3504-compativel-yellow/up/MLBU730635162,C:\Users\Sama Contabilidade\Desktop\cópia de produtos\Produtos\TON-GEN-3503H-AMR\_review\02-http2.mlstatic.com-0e4dd9e4fb.webp,codigo 3503H nao encontrado | marca Ricoh encontrada | termo de compativel/remanufaturado sem isso constar na planilha | tipo toner encontrado | cor amarelo encontrada,,
,TON-GEN-3503H-AMR,Toner Ricoh 3503H Amarelo,3503H,Ricoh,amarelo,toner,,duckduckgo,4,rejeitada,-108,Toner Ricoh 3503H Amarelo,Toner Ricoh Mpc3003/3004/3503/3504 841814 Yellow Compatible,https://http2.mlstatic.com/D_NQ_NP_857210-MLM80801364959_112024-O.webp,https://estratec.mercadoshops.com.mx/MLM-1398882475-toner-ricoh-mpc3003300435033504-841814-yellow-compatible-_JM,C:\Users\Sama Contabilidade\Desktop\cópia de produtos\Produtos\TON-GEN-3503H-AMR\_review\04-http2.mlstatic.com-64749f2f19.webp,codigo 3503H nao encontrado | marca Ricoh encontrada | termo de compativel/remanufaturado sem isso constar na planilha | tipo toner encontrado | cor amarelo encontrada,,
,TON-GEN-310K-PRT,Toner Ricoh SP 310K Preto,310K,Ricoh,preto,toner,,duckduckgo,1,rejeitada,-18,Toner Ricoh SP 310K Preto,"Ricoh SP 310 Black Toner Cartridge Price in Mumbai, Maharashtra ...",https://d91ztqmtx7u1k.cloudfront.net/ClientContent/Images/Catalogue/ricoh-sp-310-black-toner-cartr-20241211113255066.png,https://www.aajjo.com/product/ricoh-sp-310-black-toner-cartridge-in-mumbai-mahesh-office-solutions,C:\Users\Sama Contabilidade\Desktop\cópia de produtos\Produtos\TON-GEN-310K-PRT\_review\01-d91ztqmtx7u1k.cloudfront.net-9dd982fac7.png,codigo 310K nao encontrado | marca Ricoh encontrada | tipo toner encontrado | cor preto encontrada,,
,TON-GEN-310K-PRT,Toner Ricoh SP 310K Preto,310K,Ricoh,preto,toner,,duckduckgo,2,rejeitada,-18,Toner Ricoh SP 310K Preto,"Ricoh SP 310 Black Toner Cartridge Price in Mumbai, Maharashtra ...",https://d91ztqmtx7u1k.cloudfront.net/ClientContent/Images/Medium/ricoh-sp-310-black-toner-cartr-20241211113255066.png,https://www.aajjo.com/product/ricoh-sp-310-black-toner-cartridge-in-mumbai-mahesh-office-solutions,C:\Users\Sama Contabilidade\Desktop\cópia de produtos\Produtos\TON-GEN-310K-PRT\_review\02-d91ztqmtx7u1k.cloudfront.net-5020022efa.png,codigo 310K nao encontrado | marca Ricoh encontrada | tipo toner encontrado | cor preto encontrada,,
,TON-GEN-310K-PRT,Toner Ricoh SP 310K Preto,310K,Ricoh,preto,toner,,duckduckgo,3,rejeitada,-18,Toner Ricoh SP 310K Preto,Toner Original Nuevo Ricoh Para Copiadora Sp-310 Negro | Meses sin interés,https://http2.mlstatic.com/D_NQ_NP_670960-MLM89140268096_082025-O.webp,https://www.mercadolibre.com.mx/toner-original-nuevo-ricoh-para-copiadora-sp310/up/MLMU414747829,C:\Users\Sama Contabilidade\Desktop\cópia de produtos\Produtos\TON-GEN-310K-PRT\_review\03-http2.mlstatic.com-4c41ec60d3.webp,codigo 310K nao encontrado | marca Ricoh encontrada | tipo toner encontrado | cor preto encontrada,,
,TON-GEN-310K-PRT,Toner Ricoh SP 310K Preto,310K,Ricoh,preto,toner,,duckduckgo,4,rejeitada,-18,Toner Ricoh SP 310K Preto,"Ricoh SP-310 Black Toner Cartridge, For Printer at Rs 715 in Mumbai",https://5.imimg.com/data5/SELLER/Default/2022/10/CS/RW/DZ/33287580/ricoh-sp-310-black-toner-cartridge-500x500.jpg,https://www.indiamart.com/proddetail/ricoh-sp-310-black-toner-cartridge-27134964862.html,C:\Users\Sama Contabilidade\Desktop\cópia de produtos\Produtos\TON-GEN-310K-PRT\_review\04-5.imimg.com-e10f25b63d.jpg,codigo 310K nao encontrado | marca Ricoh encontrada | tipo toner encontrado | cor preto encontrada,,
,TON-GEN-310K-PRT,Toner Ricoh SP 310K Preto,310K,Ricoh,preto,toner,,duckduckgo,5,rejeitada,-18,Toner Ricoh SP 310K Preto,"Ricoh SP 310 DN Black Toner Cartridge, For Office at ₹ 3000/piece in Mumbai",https://5.imimg.com/data5/SELLER/Default/2024/1/374597900/WF/JX/FC/205548002/ricoh-sp-310-dn-black-toner-cartridge-500x500.png,https://www.indiamart.com/proddetail/ricoh-sp-310-dn-black-toner-cartridge-2853189099191.html,C:\Users\Sama Contabilidade\Desktop\cópia de produtos\Produtos\TON-GEN-310K-PRT\_review\05-5.imimg.com-56aaf9b0f0.png,codigo 310K nao encontrado | marca Ricoh encontrada | tipo toner encontrado | cor preto encontrada,,
,TON-GEN-310K-PRT,Toner Ricoh SP 310K Preto,310K,Ricoh,preto,toner,,duckduckgo,7,rejeitada,-18,Toner Ricoh SP 310K Preto,"Ricoh SP-310 Black Toner Cartridge, For Printer at Rs 715 in Mumbai",https://5.imimg.com/data5/SELLER/Default/2022/10/OT/DC/EL/33287580/ricoh-sp-310-black-toner-cartridge-500x500.jpg,https://www.indiamart.com/proddetail/ricoh-sp-310-black-toner-cartridge-27134964862.html,C:\Users\Sama Contabilidade\Desktop\cópia de produtos\Produtos\TON-GEN-310K-PRT\_review\07-5.imimg.com-23e754b507.jpg,codigo 310K nao encontrado | marca Ricoh encontrada | tipo toner encontrado | cor preto encontrada,,
,TON-GEN-310K-PRT,Toner Ricoh SP 310K Preto,310K,Ricoh,preto,toner,,duckduckgo,2,rejeitada,-18,Ricoh 310K toner preto original,Ricoh 842601 toner 1 unidade(s) Original Preto | Assismática ...,https://www.assismatica.pt/images/products/big/ricoh-842601-toner-1-unidade-s-original-preto_842601_1.jpg,https://www.assismatica.pt/pt4/produto/842601/ricoh-842601-toner-1-unidade-s-original-preto,C:\Users\Sama Contabilidade\Desktop\cópia de produtos\Produtos\TON-GEN-310K-PRT\_review\02-www.assismatica.pt-838566cf6f.jpg,codigo 310K nao encontrado | marca Ricoh encontrada | tipo toner encontrado | cor preto encontrada,,
,TON-GEN-310K-PRT,Toner Ricoh SP 310K Preto,310K,Ricoh,preto,toner,,duckduckgo,3,rejeitada,-18,Ricoh 310K toner preto original,Toner preto original Ricoh 407648 - 5.000 páginas.,https://dex.pt/6409-medium_default/toner-preto-original-ricoh.jpg,https://dex.pt/ricoh/2991-toner-preto-original-ricoh-4250081501323.html,C:\Users\Sama Contabilidade\Desktop\cópia de produtos\Produtos\TON-GEN-310K-PRT\_review\03-dex.pt-78ba23907c.jpg,codigo 310K nao encontrado | marca Ricoh encontrada | tipo toner encontrado | cor preto encontrada,,
,TON-LEX-64018HB,Toner Lexmark 64018HB,64018HB,Lexmark,,toner,,duckduckgo,2,rejeitada,-15,Toner Lexmark 64018HB,Lexmark Return Programme,"https://lexmark.scene7.com/is/image/lexmark/variety-of-toners?fmt=webp-alpha&resMode=sharp2&qlt=85,0&op_usm=1.75,0.3,2,0",https://www.lexmark.com/en_za/supplies-and-parts/printer-supplies-finder/lexmark-return-cartridges.html,C:\Users\Sama Contabilidade\Desktop\cópia de produtos\Produtos\TON-LEX-64018HB\_review\02-lexmark.scene7.com-cd7640b159.webp,codigo 64018HB nao encontrado | marca Lexmark encontrada | fonte/imagem oficial ou confiavel para Lexmark | tipo toner nao confirmado,,
,TON-LEX-64018HB,Toner Lexmark 64018HB,64018HB,Lexmark,,toner,,duckduckgo,1,rejeitada,-30,Toner Lexmark 64018HB,Lexmark 55B1000 Return Program Toner,https://m.media-amazon.com/images/I/71KrRop8p0L._AC_SL1500_.jpg,https://www.amazon.ca/Lexmark-55B1000-Return-Program-Toner/dp/B08BGBLX22,C:\Users\Sama Contabilidade\Desktop\cópia de produtos\Produtos\TON-LEX-64018HB\_review\01-m.media-amazon.com-16d80a57c2.jpg,codigo 64018HB nao encontrado | marca Lexmark encontrada | tipo toner encontrado,,
,TON-LEX-64018HB,Toner Lexmark 64018HB,64018HB,Lexmark,,toner,,duckduckgo,3,rejeitada,-30,Toner Lexmark 64018HB,Toner Lexmark 504x Negro Lm Ms410/510/610 10000 Pag 50f4x00 - 50F4X00,https://www.idcmayoristas.com/wp-content/uploads/2024/10/toner-negro-10k-ms410-415-610-suministros-50f4x00-50f4x00-tcws.png,https://www.idcmayoristas.com/producto/toner-lexmark-504x-negro-lm-ms410-510-610-10000-pag-50f4x00-idc-mayorista/,C:\Users\Sama Contabilidade\Desktop\cópia de produtos\Produtos\TON-LEX-64018HB\_review\03-www.idcmayoristas.com-d7c6c93ae6.png,codigo 64018HB nao encontrado | marca Lexmark encontrada | tipo toner encontrado,,
,TON-LEX-64018HB,Toner Lexmark 64018HB,64018HB,Lexmark,,toner,,duckduckgo,4,rejeitada,-30,Toner Lexmark 64018HB,Original Lexmark B232000 Black Toner Cartridge (B232000) - Lexmark ...,https://www.inkntoneruk.co.uk/images/P/Lexmark-B232000-Black-Return-Toner-Cartridge-B232000.jpg,https://www.inkntoneruk.co.uk/Lexmark-B232000-Black-Return-Toner-Cartridge-B232000.html?cat=49109,,codigo 64018HB nao encontrado | marca Lexmark encontrada | tipo toner encontrado | download falhou: HTTP Error 403: Forbidden,,
,TON-LEX-64018HB,Toner Lexmark 64018HB,64018HB,Lexmark,,toner,,duckduckgo,5,rejeitada,-30,Toner Lexmark 64018HB,Toner Lexmark,https://www.iris.ma/95402-large_default/lexmark-cx735-cartouche-de-toner-du-programme-de-retour-magenta-81c8xm0.jpg,https://www.iris.ma/catalogue/toner-lexmark,,codigo 64018HB nao encontrado | marca Lexmark encontrada | tipo toner encontrado | download falhou: HTTP Error 403: Forbidden,,
,TON-LEX-64018HB,Toner Lexmark 64018HB,64018HB,Lexmark,,toner,,duckduckgo,6,rejeitada,-30,Toner Lexmark 64018HB,Buy Lexmark Toner Cartridges Online | Lexmark Toner Cartridges ...,https://www.inkhousedirect.com.au/wp-content/uploads/2020/09/lexmark-toner.jpg,https://www.inkhousedirect.com.au/category/brands/lexmark/lexmark-toner-cartridges/,C:\Users\Sama Contabilidade\Desktop\cópia de produtos\Produtos\TON-LEX-64018HB\_review\06-www.inkhousedirect.com.au-cd2c10ee3b.jpg,codigo 64018HB nao encontrado | marca Lexmark encontrada | tipo toner encontrado,,
,TON-LEX-64018HB,Toner Lexmark 64018HB,64018HB,Lexmark,,toner,,duckduckgo,7,rejeitada,-30,Toner Lexmark 64018HB,Toner Lexmark 60F4X00 Original MX310dn MX310dn MX511de - Negro - Promart,https://promart.vteximg.com.br/arquivos/ids/6850781-1000-1000/image-a044bd6ad40c4495bb0fba6e67d2a219.jpg?v=638145171561100000,https://www.promart.pe/toner-lexmark-60f4x00-original-mx310dn-mx310dn-mx511de-negro-1000364978/p,C:\Users\Sama Contabilidade\Desktop\cópia de produtos\Produtos\TON-LEX-64018HB\_review\07-promart.vteximg.com.br-fb3c53c919.jpg,codigo 64018HB nao encontrado | marca Lexmark encontrada | tipo toner encontrado,,
,TON-LEX-64018HB,Toner Lexmark 64018HB,64018HB,Lexmark,,toner,,duckduckgo,8,rejeitada,-30,Toner Lexmark 64018HB,Toner Original Lexmark 58D2U00 Preto - Limifield,https://www.limifield.pt/wp-content/uploads/2023/05/168741_1.jpg,https://www.limifield.pt/loja/toner-original-lexmark-58d2u00-preto/,C:\Users\Sama Contabilidade\Desktop\cópia de produtos\Produtos\TON-LEX-64018HB\_review\08-www.limifield.pt-10fe76ac17.jpg,codigo 64018HB nao encontrado | marca Lexmark encontrada | tipo toner encontrado,,
,TON-LEX-CBH56A00,Toner Lexmark CBH56A00,CBH56A00,Lexmark,,toner,,duckduckgo,3,rejeitada,-15,Toner Lexmark CBH56A00,Lexmark Return Programme,"https://lexmark.scene7.com/is/image/lexmark/variety-of-toners?fmt=webp-alpha&resMode=sharp2&qlt=85,0&op_usm=1.75,0.3,2,0",https://www.lexmark.com/en_za/supplies-and-parts/printer-supplies-finder/lexmark-return-cartridges.html,C:\Users\Sama Contabilidade\Desktop\cópia de produtos\Produtos\TON-LEX-CBH56A00\_review\03-lexmark.scene7.com-cd7640b159.webp,codigo CBH56A00 nao encontrado | marca Lexmark encontrada | fonte/imagem oficial ou confiavel para Lexmark | tipo toner nao confirmado,,
,TON-LEX-CBH56A00,Toner Lexmark CBH56A00,CBH56A00,Lexmark,,toner,,duckduckgo,1,rejeitada,-30,Toner Lexmark CBH56A00,Toner Lexmark,https://www.iris.ma/95402-large_default/lexmark-cx735-cartouche-de-toner-du-programme-de-retour-magenta-81c8xm0.jpg,https://www.iris.ma/catalogue/toner-lexmark,,codigo CBH56A00 nao encontrado | marca Lexmark encontrada | tipo toner encontrado | download falhou: HTTP Error 403: Forbidden,,
,TON-LEX-CBH56A00,Toner Lexmark CBH56A00,CBH56A00,Lexmark,,toner,,duckduckgo,2,rejeitada,-30,Toner Lexmark CBH56A00,Toner Lexmark 504u Negro Ms610dn/ms610de/mx511de/mx611xdhe/611dfe 20000 ...,https://www.idcmayoristas.com/wp-content/uploads/2024/10/toner-lexmark-504u-negro-ms610dn-ms610de-mx511de-mx611xdhe-611dfe-20000-pag-50f4u00-50f4u00-idc-mayorista.png,https://www.idcmayoristas.com/producto/toner-lexmark-504u-negro-ms610dn-ms610de-mx511de-mx611xdhe-611dfe-20000-pag-50f4u00-50f4u00-idc-mayorista/,C:\Users\Sama Contabilidade\Desktop\cópia de produtos\Produtos\TON-LEX-CBH56A00\_review\02-www.idcmayoristas.com-c1bfd8053e.png,codigo CBH56A00 nao encontrado | marca Lexmark encontrada | tipo toner encontrado,,
,TON-LEX-CBH56A00,Toner Lexmark CBH56A00,CBH56A00,Lexmark,,toner,,duckduckgo,4,rejeitada,-30,Toner Lexmark CBH56A00,Genuine Lexmark Toner,https://www.toners.ca/cdn/shop/files/genuine-lexmark-toner.png?v=9387434285329692469,https://www.toners.ca/pages/contact-us,C:\Users\Sama Contabilidade\Desktop\cópia de produtos\Produtos\TON-LEX-CBH56A00\_review\04-www.toners.ca-1089c605c7.png,codigo CBH56A00 nao encontrado | marca Lexmark encontrada | tipo toner encontrado,,
,TON-LEX-CBH56A00,Toner Lexmark CBH56A00,CBH56A00,Lexmark,,toner,,duckduckgo,5,rejeitada,-30,Toner Lexmark CBH56A00,Lexmark 25B3086 cartouche de toner originale noire extra haute capacité,https://d3e54emdgoy1fq.cloudfront.net/uploads/product/image/439238/large_7ddd2-Lexmark-Lexmark-25B3086-OEM-XM7355-Lexmark-25B3086-Original-Black-Toner-Cartridge-Extra-High-Yield.jpg,https://www.123ink.ca/fr/p-401044-lexmark-25b3086-oem-lexmark-25b3086-original-black-toner-cartridge-extra-high-yield,C:\Users\Sama Contabilidade\Desktop\cópia de produtos\Produtos\TON-LEX-CBH56A00\_review\05-d3e54emdgoy1fq.cloudfront.net-4ff73c070f.jpg,codigo CBH56A00 nao encontrado | marca Lexmark encontrada | tipo toner encontrado,,
,TON-LEX-CBH56A00,Toner Lexmark CBH56A00,CBH56A00,Lexmark,,toner,,duckduckgo,6,rejeitada,-30,Toner Lexmark CBH56A00,Toner Lexmark,https://www.iris.ma/19501-large_default/cartouche-de-toner-magenta-lexmark-return-program-1000-pages-70c80m0.jpg,https://www.iris.ma/catalogue/toner-lexmark,,codigo CBH56A00 nao encontrado | marca Lexmark encontrada | tipo toner encontrado | download falhou: HTTP Error 403: Forbidden,,
,TON-LEX-CBH56A00,Toner Lexmark CBH56A00,CBH56A00,Lexmark,,toner,,duckduckgo,7,rejeitada,-30,Toner Lexmark CBH56A00,Genuine Cyan Lexmark 77L10C0 Return Programme Toner Cartridge 12K Pages,https://www.printersupermarket.com.au/site/defaultsite/filesystem/productuploads/5395542e-37ca-4da6-9766-b9c995527e90/77L10C0.jpg,https://www.printersupermarket.com.au/Products/Inkandtoner/genuinecyanlexmark77l10c0returnprogrammetonercartridge12kpag.aspx,C:\Users\Sama Contabilidade\Desktop\cópia de produtos\Produtos\TON-LEX-CBH56A00\_review\07-www.printersupermarket.com.au-df139a8a13.jpg,codigo CBH56A00 nao encontrado | marca Lexmark encontrada | tipo toner encontrado,,
,TON-LEX-CBH56A00,Toner Lexmark CBH56A00,CBH56A00,Lexmark,,toner,,duckduckgo,8,rejeitada,-30,Toner Lexmark CBH56A00,Buy Lexmark Toner Cartridges Online | Lexmark Toner Cartridges ...,https://www.inkhousedirect.com.au/wp-content/uploads/2020/09/lexmark-toner.jpg,https://www.inkhousedirect.com.au/category/brands/lexmark/lexmark-toner-cartridges/,C:\Users\Sama Contabilidade\Desktop\cópia de produtos\Produtos\TON-LEX-CBH56A00\_review\08-www.inkhousedirect.com.au-cd2c10ee3b.jpg,codigo CBH56A00 nao encontrado | marca Lexmark encontrada | tipo toner encontrado,,
,TON-MIN-C3100O-MAG,Toner Minolta Bizhub C3100O - TNP50M Magenta,C3100O,,magenta,toner,,duckduckgo,6,rejeitada,2,Toner Minolta Bizhub C3100O - TNP50M Magenta,Konica Minolta Compatible TNP50M Magenta Toner Cartridge | Ink Depot,https://www.inkdepot.com.au/images/large/TNP50M_C.jpg,https://www.inkdepot.com.au/products/konica-minolta-compatible-tnp50m-magenta-toner-cartridge,C:\Users\Sama Contabilidade\Desktop\cópia de produtos\Produtos\TON-MIN-C3100O-MAG\_review\06-www.inkdepot.com.au-b910538eeb.jpg,codigo C3100O encontrado | termo de compativel/remanufaturado sem isso constar na planilha | tipo toner encontrado | cor magenta encontrada,,
,TON-MIN-C3100O-MAG,Toner Minolta Bizhub C3100O - TNP50M Magenta,C3100O,,magenta,toner,,duckduckgo,1,rejeitada,-28,Toner Minolta Bizhub C3100O - TNP50M Magenta,Made By Konica Minolta TNP-50 A0X5334 TNP50M Magenta Toner Cartridge ...,https://www.canadatoner.ca/assets/images/A0X5334-OEM.jpg,https://www.canadatoner.ca/Made-By-Konica-Minolta-TNP-50-A0X5334-TNP50M-Magenta-Toner-Cartridge-Bizhub-C3100P_p_10625.html,C:\Users\Sama Contabilidade\Desktop\cópia de produtos\Produtos\TON-MIN-C3100O-MAG\_review\01-www.canadatoner.ca-db085b5608.jpg,codigo C3100O encontrado | codigo conflitante: C3100P | tipo toner encontrado | cor magenta encontrada,,
,TON-MIN-C3100O-MAG,Toner Minolta Bizhub C3100O - TNP50M Magenta,C3100O,,magenta,toner,,duckduckgo,2,rejeitada,-28,Toner Minolta Bizhub C3100O - TNP50M Magenta,Konica Minolta TNP-50M Magenta Toner Bizhub C3100P - NMD Technologies,https://www.nmdtechnologies.gr/wp-content/uploads/2018/05/tnp50m.jpeg,https://www.nmdtechnologies.gr/product/konica-minolta-tnp-50m-magenta-toner-bizhub-c3100p/,C:\Users\Sama Contabilidade\Desktop\cópia de produtos\Produtos\TON-MIN-C3100O-MAG\_review\02-www.nmdtechnologies.gr-3a1561c673.jpeg,codigo C3100O encontrado | codigo conflitante: C3100P | tipo toner encontrado | cor magenta encontrada,,
,TON-MIN-C3100O-MAG,Toner Minolta Bizhub C3100O - TNP50M Magenta,C3100O,,magenta,toner,,duckduckgo,3,rejeitada,-28,Toner Minolta Bizhub C3100O - TNP50M Magenta,TONER KONICA MINOLTA BIZHUB C3100P MAGENTA TNP50M,https://dex.pt/16729-large_default/toner-konica-minolta-bizhub-c3100p-magenta-tnp50m.jpg,https://dex.pt/konica-minolta/6570-toner-konica-minolta-bizhub-c3100p-magenta-tnp50m.html,C:\Users\Sama Contabilidade\Desktop\cópia de produtos\Produtos\TON-MIN-C3100O-MAG\_review\03-dex.pt-d6942f5242.jpg,codigo C3100O encontrado | codigo conflitante: C3100P | tipo toner encontrado | cor magenta encontrada,,
,TON-MIN-C3100O-MAG,Toner Minolta Bizhub C3100O - TNP50M Magenta,C3100O,,magenta,toner,,duckduckgo,4,rejeitada,-28,Toner Minolta Bizhub C3100O - TNP50M Magenta,Kompatibler Toner für Minolta TNP-50M Magenta für Bizhub C3100 C3100P ...,https://www.abctoner.de/WebRoot/Sage/Shops/Frager/645E/269E/F77C/9B0C/F8FE/0A0C/0710/71D2/gsobild_30241.jpg,https://www.abctoner.de/Kompatibler-Toner-fuer-Minolta-TNP-50M-Magenta-fuer-Bizhub-C3100-C3100P-TNP50-M-TNP-50-von-ABC,C:\Users\Sama Contabilidade\Desktop\cópia de produtos\Produtos\TON-MIN-C3100O-MAG\_review\04-www.abctoner.de-857b58d297.jpg,"codigo C3100O encontrado | codigo conflitante: C3100, C3100P | tipo toner encontrado | cor magenta encontrada",,
,TON-MIN-C3100O-MAG,Toner Minolta Bizhub C3100O - TNP50M Magenta,C3100O,,magenta,toner,,duckduckgo,4,rejeitada,-28,C3100O toner magenta original,Toner Canon GPR-13 Magenta IR-C3100 Original | G-Limagars Peru,https://www.grupolimagars.com/wp-content/uploads/2019/09/GPR-13-Magenta.jpg,https://www.grupolimagars.com/producto/toner-canon-gpr-13-magenta/,C:\Users\Sama Contabilidade\Desktop\cópia de produtos\Produtos\TON-MIN-C3100O-MAG\_review\04-www.grupolimagars.com-625d9de397.jpg,codigo C3100O encontrado | codigo conflitante: C3100 | tipo toner encontrado | cor magenta encontrada,,
,TON-MIN-C3100O-MAG,Toner Minolta Bizhub C3100O - TNP50M Magenta,C3100O,,magenta,toner,,duckduckgo,5,rejeitada,-118,Toner Minolta Bizhub C3100O - TNP50M Magenta,Konica Minolta BIZHUB C3100P TNP50M Compatible Magenta Toner Cartridge ...,https://static.inkstation.com.au/pi/507212/0/com_tnp50m_1.jpg,https://www.inkstation.com.au/konica-minolta-bizhub-c3100p-tnp50m-compatible-magenta-toner-cartridge-a0x5394-p-19816.html,C:\Users\Sama Contabilidade\Desktop\cópia de produtos\Produtos\TON-MIN-C3100O-MAG\_review\05-static.inkstation.com.au-210ed69b7d.jpg,codigo C3100O encontrado | codigo conflitante: C3100P | termo de compativel/remanufaturado sem isso constar na planilha | tipo toner encontrado | cor magenta encontrada,,
,TON-MIN-C3100O-MAG,Toner Minolta Bizhub C3100O - TNP50M Magenta,C3100O,,magenta,toner,,duckduckgo,1,rejeitada,-158,C3100O toner magenta original,OKI Toner Magenta C3100 42804514 Original Top Preis!! | Toner Tinte ...,https://www.tonerpoint24.com/media/image/09/8a/f0/OKI-C31MA-OKI-Original-Toner-Magenta-OKI-C3100-42804514-Top-Preis-2.jpg,https://www.tonerpoint24.com/oki/toner-farbe/58/oki-original-toner-magenta-oki-c3100-42804514-top-preis,C:\Users\Sama Contabilidade\Desktop\cópia de produtos\Produtos\TON-MIN-C3100O-MAG\_review\01-www.tonerpoint24.com-bd1be50e64.jpg,"codigo C3100O nao encontrado | codigo conflitante: C3100, C31MA | tipo toner encontrado | cor magenta encontrada",,
,IMP-SAM-C6260FR,Impressora Multifuncional Samsung C6260FR,C6260FR,Samsung,,impressora,,duckduckgo,1,rejeitada,-30,Impressora Multifuncional Samsung C6260FR,MULTIFUNCIONAL SAMSUNG,https://www.primeprinters.com.br/arquivos/produtos/imagens_adicionais/FOTO_5f4acfb7db23e02b9f9e29cddf55ac5c.jpg,https://primeprinters.com.br/produtos/departamento/multifuncional-samsung/,C:\Users\Sama Contabilidade\Desktop\cópia de produtos\Produtos\IMP-SAM-C6260FR\_review\01-www.primeprinters.com.br-8c0070b7d8.jpg,codigo C6260FR nao encontrado | marca Samsung encontrada | tipo impressora encontrado,,
,IMP-SAM-C6260FR,Impressora Multifuncional Samsung C6260FR,C6260FR,Samsung,,impressora,,duckduckgo,2,rejeitada,-30,Impressora Multifuncional Samsung C6260FR,"Multifuncional Samsung ProXpress SL-M4072FD, Láser Monocromático, 40 ...",https://pcredcom.com/images/product/import/4/0/9/2/4092_3.jpg,https://pcredcom.com/multifuncional-laser-sl-m4072fd-40ppm-n-copiaimprimescaner-y-fax-cama-legal-100-mil-cliclo-x-mes-sl-m4072fd-xax-df-pr-1503.html,C:\Users\Sama Contabilidade\Desktop\cópia de produtos\Produtos\IMP-SAM-C6260FR\_review\02-pcredcom.com-725d0a0d6a.jpg,codigo C6260FR nao encontrado | marca Samsung encontrada | tipo impressora encontrado,,
,IMP-SAM-C6260FR,Impressora Multifuncional Samsung C6260FR,C6260FR,Samsung,,impressora,,duckduckgo,4,rejeitada,-30,Impressora Multifuncional Samsung C6260FR,"Multifuncional Samsung ProXpress SL-M4072FD, Láser Monocromático, 40 ...",https://pcredcom.com/var/images/product/1600.1600/import/4/0/9/2/4092_6.jpg,https://pcredcom.com/multifuncional-laser-sl-m4072fd-40ppm-n-copiaimprimescaner-y-fax-cama-legal-100-mil-cliclo-x-mes-sl-m4072fd-xax-df-pr-1503.html,C:\Users\Sama Contabilidade\Desktop\cópia de produtos\Produtos\IMP-SAM-C6260FR\_review\04-pcredcom.com-73495bf585.jpg,codigo C6260FR nao encontrado | marca Samsung encontrada | tipo impressora encontrado,,
,IMP-SAM-C6260FR,Impressora Multifuncional Samsung C6260FR,C6260FR,Samsung,,impressora,,duckduckgo,7,rejeitada,-30,Impressora Multifuncional Samsung C6260FR,Impressora Multifuncional Samsung - Periféricos e Acessórios de ...,https://img.olx.com.br/images/79/793526654246139.jpg,https://rj.olx.com.br/rio-de-janeiro-e-regiao/informatica/perifericos-de-computador/impressora-multifuncional-samsung-1409864907,C:\Users\Sama Contabilidade\Desktop\cópia de produtos\Produtos\IMP-SAM-C6260FR\_review\07-img.olx.com.br-c794b60ec2.jpg,codigo C6260FR nao encontrado | marca Samsung encontrada | tipo impressora encontrado,,
,IMP-SAM-C6260FR,Impressora Multifuncional Samsung C6260FR,C6260FR,Samsung,,impressora,,duckduckgo,8,rejeitada,-30,Impressora Multifuncional Samsung C6260FR,Impressora Laser Colorida Multifuncional Samsung CLX-3180FW - PC ...,https://images.tcdn.com.br/img/img_prod/660648/impressora_laser_colorida_multifuncional_samsung_clx_3180fw_7238_3_c5593559c6c12b1ccc8fd79948ec5985.jpg,https://www.pcdistribuidora.com.br/impressoras-e-multifuncionais/laser-colorida/impressora-laser-colorida-multifuncional-samsung-clx-3180fw,C:\Users\Sama Contabilidade\Desktop\cópia de produtos\Produtos\IMP-SAM-C6260FR\_review\08-images.tcdn.com.br-3d6b82a6e1.jpg,codigo C6260FR nao encontrado | marca Samsung encontrada | tipo impressora encontrado,,
,IMP-SAM-C6260FR,Impressora Multifuncional Samsung C6260FR,C6260FR,Samsung,,impressora,,duckduckgo,3,rejeitada,-30,Samsung C6260FR impressora original,IMPRESSORA SAMSUNG M4080FX M4080 SL-M4080FX | MONOCROMÁTICA ...,https://images.tcdn.com.br/img/img_prod/736319/impressora_samsung_m4080fx_m4080_sl_m4080fx_monocromatica_multifuncional_proxpress_1577_2_226831e062356c5bcc373aaad3150149.jpg,https://www.lojatlt.com.br/sam-multifuncional-4080,C:\Users\Sama Contabilidade\Desktop\cópia de produtos\Produtos\IMP-SAM-C6260FR\_review\03-images.tcdn.com.br-78620eb4a8.jpg,codigo C6260FR nao encontrado | marca Samsung encontrada | tipo impressora encontrado,,
,IMP-SAM-C6260FR,Impressora Multifuncional Samsung C6260FR,C6260FR,Samsung,,impressora,,duckduckgo,4,rejeitada,-30,Samsung C6260FR impressora original,Impressora Laser Colorida Samsung 33 ppm CLP775 | Shopee Brasil,https://down-br.img.susercontent.com/file/br-11134207-7r98o-lv0c385lodr118,https://shopee.com.br/Impressora-Laser-Colorida-Samsung-33-ppm-CLP775-i.1245711974.19599249832,C:\Users\Sama Contabilidade\Desktop\cópia de produtos\Produtos\IMP-SAM-C6260FR\_review\04-down-br.img.susercontent.com-815415bf64.jpg,codigo C6260FR nao encontrado | marca Samsung encontrada | tipo impressora encontrado,,
,IMP-SAM-C6260FR,Impressora Multifuncional Samsung C6260FR,C6260FR,Samsung,,impressora,,duckduckgo,6,rejeitada,-30,Samsung C6260FR impressora original,Impressora Laser Monocromática Samsung Proxpress M4020ND - Alta ...,https://primeprinters.com.br/arquivos/produtos/imagens_adicionais/FOTOd54f30af7c3a084c05645d84283c33e3.jpg,https://www.primeprinters.com.br/produtos/detalhes/00711/impressora-laser-monocromatica-samsung-proxpress-m4020nd-alta-eficiencia-e-qualidade-de-impressao/,C:\Users\Sama Contabilidade\Desktop\cópia de produtos\Produtos\IMP-SAM-C6260FR\_review\06-primeprinters.com.br-1865377f7f.jpg,codigo C6260FR nao encontrado | marca Samsung encontrada | tipo impressora encontrado,,
,IMP-SAM-238K,Impressora Samsung Color CLP-680 - Contador 40K / 68K / 238K,238K,Samsung,,impressora,,duckduckgo,1,rejeitada,-30,Impressora Samsung Color CLP-680 - Contador 40K / 68K / 238K,Impressora Laser Color CLP680ND Samsung CLP 680 nd,https://primeprinters.com.br/arquivos/produtos/imagens_adicionais/FOTO_a3b835a5c26f529d6c12878450dcb7f8.jpg,https://primeprinters.com.br/produtos/detalhes/7FF28812/impressora-laser-color-clp680nd-samsung-clp-680-nd/,C:\Users\Sama Contabilidade\Desktop\cópia de produtos\Produtos\IMP-SAM-238K\_review\01-primeprinters.com.br-42593d8bc5.jpg,codigo 238K nao encontrado | marca Samsung encontrada | tipo impressora encontrado,,
,IMP-SAM-238K,Impressora Samsung Color CLP-680 - Contador 40K / 68K / 238K,238K,Samsung,,impressora,,duckduckgo,2,rejeitada,-30,Impressora Samsung Color CLP-680 - Contador 40K / 68K / 238K,Impressora laser colorida Samsung série CLP-680 - Guias de configuração ...,https://ssl-product-images.www8-hp.com/digmedialib/prodimg/lowres/c05694540.png,https://support.hp.com/br-pt/product/setup-user-guides/samsung-clp-680-color-laser-printer-series/16462332,C:\Users\Sama Contabilidade\Desktop\cópia de produtos\Produtos\IMP-SAM-238K\_review\02-ssl-product-images.www8-hp.com-da0c47b11a.png,codigo 238K nao encontrado | marca Samsung encontrada | tipo impressora encontrado,,
,IMP-SAM-238K,Impressora Samsung Color CLP-680 - Contador 40K / 68K / 238K,238K,Samsung,,impressora,,duckduckgo,3,rejeitada,-30,Impressora Samsung Color CLP-680 - Contador 40K / 68K / 238K,Impressora Laser Color CLP680ND Samsung CLP 680 nd,https://d234uyecpwg5mx.cloudfront.net/arquivos/produtos/imagens_adicionais/FOTO_1be1a770f714ba37655abaa8b6b22276.jpg,https://primeprinters.com.br/produtos/detalhes/7FF28812/impressora-laser-color-clp680nd-samsung-clp-680-nd/,C:\Users\Sama Contabilidade\Desktop\cópia de produtos\Produtos\IMP-SAM-238K\_review\03-d234uyecpwg5mx.cloudfront.net-5e3c7c2269.jpg,codigo 238K nao encontrado | marca Samsung encontrada | tipo impressora encontrado,,
,IMP-SAM-238K,Impressora Samsung Color CLP-680 - Contador 40K / 68K / 238K,238K,Samsung,,impressora,,duckduckgo,4,rejeitada,-30,Impressora Samsung Color CLP-680 - Contador 40K / 68K / 238K,Impressora Laser Color CLP680ND Samsung CLP 680 nd,https://primeprinters.com.br/arquivos/produtos/imagens_adicionais/FOTO_76857e50aa1153539ef3953861cbd70a.jpg,https://primeprinters.com.br/produtos/detalhes/7FF28812/impressora-laser-color-clp680nd-samsung-clp-680-nd/,C:\Users\Sama Contabilidade\Desktop\cópia de produtos\Produtos\IMP-SAM-238K\_review\04-primeprinters.com.br-73347eb22f.jpg,codigo 238K nao encontrado | marca Samsung encontrada | tipo impressora encontrado,,
,IMP-SAM-238K,Impressora Samsung Color CLP-680 - Contador 40K / 68K / 238K,238K,Samsung,,impressora,,duckduckgo,5,rejeitada,-30,Impressora Samsung Color CLP-680 - Contador 40K / 68K / 238K,Samsung CLP-680ND Colour A4 Laser Printer SS076F - FirstShop,https://www.firstshop.co.za/cdn/shop/products/ss076f-laser-printers-33235803734180.jpg?v=1646976037&width=1214,https://www.firstshop.co.za/products/samsung-clp-680nd-colour-a4-laser-printer-ss076f-86489,C:\Users\Sama Contabilidade\Desktop\cópia de produtos\Produtos\IMP-SAM-238K\_review\05-www.firstshop.co.za-42accdec80.jpg,codigo 238K nao encontrado | marca Samsung encontrada | tipo impressora encontrado,,
,IMP-SAM-238K,Impressora Samsung Color CLP-680 - Contador 40K / 68K / 238K,238K,Samsung,,impressora,,duckduckgo,6,rejeitada,-30,Impressora Samsung Color CLP-680 - Contador 40K / 68K / 238K,Impressora Colorida Samsung Clp-680nd | Parcelamento sem juros,https://http2.mlstatic.com/D_NQ_NP_767388-MLB73935761166_012024-O-impressora-colorida-samsung-clp-680nd.webp,https://produto.mercadolivre.com.br/MLB-2783126082-impressora-colorida-samsung-clp-680nd-_JM,C:\Users\Sama Contabilidade\Desktop\cópia de produtos\Produtos\IMP-SAM-238K\_review\06-http2.mlstatic.com-f81edfd21e.webp,codigo 238K nao encontrado | marca Samsung encontrada | tipo impressora encontrado,,
,IMP-SAM-238K,Impressora Samsung Color CLP-680 - Contador 40K / 68K / 238K,238K,Samsung,,impressora,,duckduckgo,8,rejeitada,-30,Impressora Samsung Color CLP-680 - Contador 40K / 68K / 238K,Samsung CLP-680ND Color Laser Printer,https://ssl-product-images.www8-hp.com/digmedialib/prodimg/lowres/c05694757.png,https://support.hp.com/ua-uk/product/tools-dignostics/samsung-clp-680-color-laser-printer-series/model/16462336,C:\Users\Sama Contabilidade\Desktop\cópia de produtos\Produtos\IMP-SAM-238K\_review\08-ssl-product-images.www8-hp.com-1ef39ac74f.png,codigo 238K nao encontrado | marca Samsung encontrada | tipo impressora encontrado,,
,IMP-SAM-238K,Impressora Samsung Color CLP-680 - Contador 40K / 68K / 238K,238K,Samsung,,impressora,,duckduckgo,1,rejeitada,-30,Samsung 238K impressora original,Impressora Samsung M4020nd | MercadoLivre 📦,https://http2.mlstatic.com/D_Q_NP_2X_993032-MLB85061498924_052025-E-impressora-sl-m4020-samsung-laser-127v-toner-original.webp,https://lista.mercadolivre.com.br/impressora-samsung-m4020nd,C:\Users\Sama Contabilidade\Desktop\cópia de produtos\Produtos\IMP-SAM-238K\_review\01-http2.mlstatic.com-1b26643940.webp,codigo 238K nao encontrado | marca Samsung encontrada | tipo impressora encontrado,,
,IMP-SAM-X4200RX,Impressora Multifuncional Samsung X4200RX,X4200RX,Samsung,,impressora,,duckduckgo,3,rejeitada,-30,Impressora Multifuncional Samsung X4200RX,Impressora Multifuncional Samsung - Unishop Tecnologia - Locação de ...,https://www.unishop.com.br/wp-content/uploads/2025/04/12.png,https://www.unishop.com.br/product/impressora-multifuncional-samsung/,C:\Users\Sama Contabilidade\Desktop\cópia de produtos\Produtos\IMP-SAM-X4200RX\_review\03-www.unishop.com.br-bb8468f700.png,codigo X4200RX nao encontrado | marca Samsung encontrada | tipo impressora encontrado,,
,IMP-SAM-X4200RX,Impressora Multifuncional Samsung X4200RX,X4200RX,Samsung,,impressora,,duckduckgo,4,rejeitada,-30,Impressora Multifuncional Samsung X4200RX,MULTIFUNCIONAL SAMSUNG,https://www.primeprinters.com.br/arquivos/produtos/imagens_adicionais/FOTO_5f4acfb7db23e02b9f9e29cddf55ac5c.jpg,https://primeprinters.com.br/produtos/departamento/multifuncional-samsung/,C:\Users\Sama Contabilidade\Desktop\cópia de produtos\Produtos\IMP-SAM-X4200RX\_review\04-www.primeprinters.com.br-8c0070b7d8.jpg,codigo X4200RX nao encontrado | marca Samsung encontrada | tipo impressora encontrado,,
,IMP-SAM-X4200RX,Impressora Multifuncional Samsung X4200RX,X4200RX,Samsung,,impressora,,duckduckgo,6,rejeitada,-30,Impressora Multifuncional Samsung X4200RX,Samsung Multifuncional Laser Color C3060FR - Impressora Sumsung C 3060,https://primeprinters.com.br/arquivos/produtos/imagens_adicionais/FOTO_634b65730f819176c8fd8b4c543779a3.png,https://primeprinters.com.br/produtos/detalhes/6B6684C0/samsung-multifuncional-laser-color-c3060fr-impressora-sumsung-c-3060-/,C:\Users\Sama Contabilidade\Desktop\cópia de produtos\Produtos\IMP-SAM-X4200RX\_review\06-primeprinters.com.br-8534d5e99d.png,codigo X4200RX nao encontrado | marca Samsung encontrada | tipo impressora encontrado,,
,IMP-SAM-X4200RX,Impressora Multifuncional Samsung X4200RX,X4200RX,Samsung,,impressora,,duckduckgo,7,rejeitada,-30,Impressora Multifuncional Samsung X4200RX,Magazine Luiza | Pra você é Magalu!,https://m.magazineluiza.com.br/a-static/420x420/multifuncional-laser-mono-xpress-sl-m2070-samsung/mega-mamute/55440/d03c7ed5f033eb326d78472bd7ac6c4b.jpeg,https://www.magazineluiza.com.br/multifuncional-laser-mono-xpress-sl-m2070-samsung/p/688383100/in/ipmf/,,codigo X4200RX nao encontrado | marca Samsung encontrada | tipo impressora encontrado | download falhou: HTTP Error 403: Forbidden,,
,IMP-SAM-X4200RX,Impressora Multifuncional Samsung X4200RX,X4200RX,Samsung,,impressora,,duckduckgo,8,rejeitada,-30,Impressora Multifuncional Samsung X4200RX,IMPRESSORA SAMSUNG M4080FX M4080 SL-M4080FX | MONOCROMÁTICA ...,https://images.tcdn.com.br/img/img_prod/736319/impressora_samsung_m4080fx_m4080_sl_m4080fx_monocromatica_multifuncional_proxpress_1577_2_226831e062356c5bcc373aaad3150149.jpg,https://www.lojatlt.com.br/sam-multifuncional-4080,C:\Users\Sama Contabilidade\Desktop\cópia de produtos\Produtos\IMP-SAM-X4200RX\_review\08-images.tcdn.com.br-78620eb4a8.jpg,codigo X4200RX nao encontrado | marca Samsung encontrada | tipo impressora encontrado,,
,IMP-SAM-X4200RX,Impressora Multifuncional Samsung X4200RX,X4200RX,Samsung,,impressora,,duckduckgo,5,rejeitada,-40,Impressora Multifuncional Samsung X4200RX,Produtos - Tecprint,https://tecprintrv.com.br/wp-content/uploads/2021/11/SAMSUNG-4070.jpg,https://tecprintrv.com.br/produtos/,C:\Users\Sama Contabilidade\Desktop\cópia de produtos\Produtos\IMP-SAM-X4200RX\_review\05-tecprintrv.com.br-d0465d4cf8.jpg,codigo X4200RX nao encontrado | marca Samsung encontrada | tipo impressora nao confirmado,,
,IMP-SAM-X4200RX,Impressora Multifuncional Samsung X4200RX,X4200RX,Samsung,,impressora,,duckduckgo,1,rejeitada,-75,Impressora Multifuncional Samsung X4200RX,Mais Imagens do produto,https://www.informaticashop.com.br/media/catalog/product/cache/1/image/900x900/17f82f742ffe127f42dca9de82fb58b1/s/c/scx-4200.jpg,https://www.informaticashop.com.br/scx-4200.html,C:\Users\Sama Contabilidade\Desktop\cópia de produtos\Produtos\IMP-SAM-X4200RX\_review\01-www.informaticashop.com.br-9649dd9da2.jpg,codigo X4200RX nao encontrado | marca Samsung nao apareceu | tipo impressora nao confirmado,,
,IMP-SAM-X4200RX,Impressora Multifuncional Samsung X4200RX,X4200RX,Samsung,,impressora,,duckduckgo,2,rejeitada,-150,Impressora Multifuncional Samsung X4200RX,Impressora multifuncional cor Samsung MultiXpress SL-X4220RX | MercadoLivre,https://http2.mlstatic.com/D_NQ_NP_903917-MLA73994854414_012024-O.webp,https://www.mercadolivre.com.br/impressora-multifuncional-cor-samsung-multixpress-sl-x4220rx/p/MLB29742263,C:\Users\Sama Contabilidade\Desktop\cópia de produtos\Produtos\IMP-SAM-X4200RX\_review\02-http2.mlstatic.com-0ec705b86b.webp,codigo X4200RX nao encontrado | codigo conflitante: X4220RX | marca Samsung encontrada | tipo impressora encontrado,,
